esn,event_date,event_type,current_shop_visit_count,shop_visit,org_key_column,engine_family,source_type,event_date_prev,event_date_next,tk_egthdm_bfr,tk_egthdm_aft,tk_egthdm_det_rate_prev,tk_egthdm_det_rate_next,tk_egthdm_det_rate_init,tk_egthdm_prev,tk_egthdm_next,tk_egthdm_rec,tk_egthdm_delta_prev,flight_dttm,rdf_sedi_ecsn,rdf_sedi_ecsv,engine_type,aircraft_id,engine_position,fleet,flight_dttm_next,ecsw,ecne,esn_run_no,customer,operator_name,engine_model,zone,region,country,tk_egthdm_init,tk_egthdm_delta_init,tk_egthdm_aft_delta_init,tk_egthdm_delta_next,tk_egthdm_adj_summation,tk_egthdm_adj_summation_prev,tk_egthdm_adj_summation_next,tk_egthdm_adj_summation_next_2,tk_egthdm_delta_init_adj,tk_egthdm_delta_prev_adj,tk_egthdm_aft_delta_init_adj,tk_egthdm_delta_next_adj,tk_egthdm_aft_delta_rate_prev_adj,tk_egthdm_aft_delta_rate_init_adj,tk_egthdm_delta_rate_next_adj,tk_egthdm_delta_rate_prev,tk_egthdm_delta_rate_init,tk_egthdm_delta_rate_next,tk_egthdm_rec_ratio_prev,tk_egthdm_rec_ratio_init,tk_egthdm_ret,category_count,shift_cause_flag,shift_cause,install_date,quality_check_all
804705,2011-01-19,INSTALL,0,TRUE,,CFM56,ENG_UTIL,,2011-09-08,,43.3017,,-40.41446,,,71.97885,,,,,,,,,,2020-07-02,,,1,LNI,LION MENTARI AIRLINES,CFM56-7B,INC,CSO - ASIA,INDONESIA,43.3017,,0,28.67715,0,,0,0,,,0,28.67715073,,,,,,,,,,,,,2011-01-19,Invalid
804705,2011-09-08,WW,0,FALSE,846407,CFM56,FDM,2011-01-19,2011-12-08,71.97885,58.13405,-40.41446,-11.995697,-40.41446,43.3017,62.7203,13.844803,28.67715,2011-09-08,915,915.2024,CFM56-7B26/3,LHQ,1,LNI,2020-07-02,,606,1,LNI,LION MENTARI AIRLINES,CFM56-7B,INC,CSO - ASIA,INDONESIA,43.3017,28.67715,14.832348,4.5862503,0,0,0,0,28.67715073,28.67715073,14.83234787,4.586250305,,31.33421714,7.568069811,,31.33422,7.56807,0.48278,0.48278,1154.147427,WW1,0,WW,2011-01-19,Invalid
804705,2011-12-08,WW,0,FALSE,846411,CFM56,FDM,2011-09-08,2012-03-04,62.7203,59.6413,-11.995697,-21.265863,-8.984422,58.13405,64.4174,3.0789986,4.5862503,2011-12-08,1521,1521.5656,CFM56-7B26/3,LHQ,1,LNI,2020-07-02,606,574,1,LNI,LION MENTARI AIRLINES,CFM56-7B,INC,CSO - ASIA,INDONESIA,43.3017,19.418598,16.3396,4.7760963,0,0,0,0,19.41859818,4.586250305,16.33959961,4.776096344,7.568069811,12.76224842,8.320725338,7.56807,12.76225,8.32073,0.67135,0.15856,144.7859654,WW2,0,WW,2011-01-19,Invalid
804705,2012-03-04,WW,0,FALSE,846415,CFM56,FDM,2011-12-08,2012-06-04,64.4174,52.4134,-21.265863,-14.07993,-2.1283634,59.6413,64.05415,12.003998,4.7760963,2012-03-04,2095,2095.952,CFM56-7B26/3,LHQ,1,LNI,2020-07-02,574,598,1,LNI,LION MENTARI AIRLINES,CFM56-7B,INC,CSO - ASIA,INDONESIA,43.3017,21.115696,9.111698,11.640755,0,0,0,0,21.11569595,4.776096344,9.111698151,11.6407547,8.320725338,10.07451313,19.46614498,8.32073,10.07451,19.46614,2.51335,0.56849,852.5608822,WW3,0,WW,2011-01-19,Invalid
804705,2012-06-04,WW,0,FALSE,846419,CFM56,FDM,2012-03-04,2012-08-26,64.05415,46.24835,-14.07993,-35.3774,-0.008766606,52.4134,61.83255,17.805805,11.640755,2012-06-04,2693,2693.7195,CFM56-7B26/3,LHQ,1,LNI,2020-07-02,598,515,1,LNI,LION MENTARI AIRLINES,CFM56-7B,INC,CSO - ASIA,INDONESIA,43.3017,20.752453,2.9466476,15.584202,0,0,0,0,20.75245285,11.6407547,2.946647644,15.58420181,19.46614498,7.704014041,30.26058604,19.46614,7.70401,30.26059,1.52961,0.85801,503.3101778,WW4,0,WW,2011-01-19,Invalid
804705,2012-08-26,WW,0,FALSE,846423,CFM56,FDM,2012-06-04,2012-12-31,61.83255,50.46979,-35.3774,-22.311756,-1.7345841,46.24835,58.4658,11.362759,15.584202,2012-08-26,3208,3208.8192,CFM56-7B26/3,LHQ,1,LNI,2020-07-02,515,837,1,LNI,LION MENTARI AIRLINES,CFM56-7B,INC,CSO - ASIA,INDONESIA,43.3017,18.53085,7.168091,7.99601,0,0,0,0,18.53084946,15.58420181,7.16809082,7.996009827,30.26058604,5.774974625,9.55317781,30.26059,5.77497,9.55318,0.72912,0.61318,509.2722674,WW5,0,WW,2011-01-19,Invalid
804705,2012-12-31,WW,0,FALSE,846427,CFM56,FDM,2012-08-26,2013-01-19,58.4658,61.528584,-22.311756,12.05612,-3.3924024,50.46979,58.999065,-3.0627823,7.99601,2012-12-31,4045,4045.6574,CFM56-7B26/3,LHQ,1,LNI,2020-07-02,837,124,1,LNI,LION MENTARI AIRLINES,CFM56-7B,INC,CSO - ASIA,INDONESIA,43.3017,15.164101,18.226883,-2.5295181,0,0,0,0,15.16410065,7.996009827,18.22688293,-2.529518127,9.55317781,3.748241422,-20.39933974,9.55318,3.74824,-20.39934,-0.38304,-0.20198,254.0437809,WW6,0,WW,2011-01-19,Invalid
804705,2013-01-19,WW,0,FALSE,944215,CFM56,FDM,2012-12-31,2013-05-21,58.999065,49.820286,12.05612,-7.9386516,-2.9465976,61.528584,58.18782,9.17878,-2.5295181,2013-01-19,4169,4169.5639,CFM56-7B26/3,LHQ,1,LNI,2020-07-02,124,683,1,LNI,LION MENTARI AIRLINES,CFM56-7B,INC,CSO - ASIA,INDONESIA,43.3017,15.697365,6.518585,8.367535,0,0,0,0,15.69736481,-2.529518127,6.518585205,8.367534637,-20.39933974,3.764749788,12.25114881,-20.39934,3.76475,12.25115,-3.62867,0.58473,1156.21394,WW7,0,WW,2011-01-19,Invalid
804705,2013-05-21,WW,0,FALSE,846431,CFM56,FDM,2013-01-19,2013-07-31,58.18782,51.97905,-7.9386516,-20.609629,-2.9382877,49.820286,57.404396,6.2087708,8.367535,2013-05-21,4852,4852.8072,CFM56-7B26/3,LHQ,1,LNI,2020-07-02,683,443,1,LNI,LION MENTARI AIRLINES,CFM56-7B,INC,CSO - ASIA,INDONESIA,43.3017,14.88612,8.677349,5.4253464,0,0,0,0,14.88611984,8.367534637,8.677349091,5.425346375,12.25114881,3.067527563,12.24683155,12.25115,3.06753,12.24683,0.74201,0.41708,301.255828,WW8,0,WW,2011-01-19,Invalid
804705,2013-07-31,WW,0,FALSE,197181,CFM56,RDO,2013-05-21,2013-08-14,57.404396,43.01275,-20.609629,,-2.4160578,51.97905,51.14255,14.391647,5.4253464,2013-07-31,5295,5295.0444,CFM56-7B26/3,LHQ,1,LNI,2020-07-02,443,97,1,LNI,LION MENTARI AIRLINES,CFM56-7B,INC,CSO - ASIA,INDONESIA,43.3017,14.102695,-0.28895187,8.129803,0,0,0,0,14.10269547,5.425346375,-0.288951874,8.129802704,12.24683155,2.663376244,83.81239901,12.24683,2.66338,83.8124,2.65267,1.02049,,WW9,0,WW,2011-01-19,Invalid
804705,2013-08-14,WW,0,FALSE,846435,CFM56,FDM,2013-07-31,2013-11-09,51.14255,35.479874,,-50.941074,-2.4951017,43.01275,55.2144,15.662678,8.129803,2013-08-14,5392,5392.4127,CFM56-7B26/3,LHQ,1,LNI,2020-07-02,97,517,1,LNI,LION MENTARI AIRLINES,CFM56-7B,INC,CSO - ASIA,INDONESIA,43.3017,7.840851,-7.821827,19.734528,0,0,0,0,7.84085083,8.129802704,-7.821826935,19.73452759,83.81239901,1.454052437,38.17123325,83.8124,1.45405,38.17123,1.92658,1.99757,307.466577,WW10,0,WW,2011-01-19,Invalid
804705,2013-11-09,WW,0,FALSE,944217,CFM56,FDM,2013-08-14,2014-01-18,55.2144,52.789516,-50.941074,52.878567,-2.8392918,35.479874,35.352245,2.4248848,19.734528,2013-11-09,5909,5909.3022,CFM56-7B26/3,LHQ,1,LNI,2020-07-02,517,354,1,LNI,LION MENTARI AIRLINES,CFM56-7B,INC,CSO - ASIA,INDONESIA,43.3017,11.912701,9.487816,-17.437271,0,0,0,0,11.91270065,19.73452759,9.487815857,-17.43727112,38.17123325,2.015923412,-49.25782802,38.17123,2.01592,-49.25783,0.12288,0.20355,-45.85761199,WW11,0,WW,2011-01-19,Invalid
804705,2014-01-18,WW,0,FALSE,944219,CFM56,FDM,2013-11-09,2014-06-14,35.352245,41.14332,52.878567,-10.939847,-2.7081883,52.789516,49.27995,-5.791073,-17.437271,2014-01-17,6263,6263.5653,CFM56-7B26/3,LHQ,1,LNI,2020-07-02,354,772,1,LNI,LION MENTARI AIRLINES,CFM56-7B,INC,CSO - ASIA,INDONESIA,43.3017,-7.9494553,-2.1583824,8.136631,0,0,0,0,-7.949455261,-17.43727112,-2.158382416,8.136631012,-49.25782802,-1.2691582,10.53967748,-49.25783,-1.26916,10.53968,0.33211,0.72849,-529.355927,WW12,0,WW,2011-01-19,Invalid
804705,2014-06-14,WW,0,FALSE,944221,CFM56,FDM,2014-01-18,2014-10-31,49.27995,30.445465,-10.939847,-41.13631,-2.6626961,41.14332,48.223396,18.834484,8.136631,2014-06-14,7035,7035.9647,CFM56-7B26/3,LHQ,1,LNI,2020-07-02,772,625,1,LNI,LION MENTARI AIRLINES,CFM56-7B,INC,CSO - ASIA,INDONESIA,43.3017,5.9782486,-12.8562355,17.777931,0,0,0,0,5.978248596,8.136631012,-12.8562355,17.77793121,10.53967748,0.849670067,28.44468994,10.53968,0.84967,28.44469,2.31478,3.1505,457.8554527,WW13,0,WW,2011-01-19,Invalid
804705,2014-10-31,WW,0,FALSE,944223,CFM56,FDM,2014-06-14,2015-02-05,48.223396,39.68351,-41.13631,-19.819849,-3.0521545,30.445465,47.81991,8.539886,17.777931,2014-10-31,7660,7660.2907,CFM56-7B26/3,LHQ,1,LNI,2020-07-02,625,366,1,LNI,LION MENTARI AIRLINES,CFM56-7B,INC,CSO - ASIA,INDONESIA,43.3017,4.9216957,-3.6181908,8.136398,0,0,0,0,4.921695709,17.77793121,-3.618190765,8.136398315,28.44468994,0.642494639,22.23059649,28.44469,0.64249,22.2306,0.48036,1.73515,430.8754556,WW14,0,WW,2011-01-19,Invalid
804705,2015-02-05,WW,0,FALSE,944225,CFM56,FDM,2014-10-31,2015-02-17,47.81991,,-19.819849,,-2.81927,39.68351,,,8.136398,2015-02-05,8026,8026.1609,CFM56-7B26/3,LHQ,1,LNI,2020-07-02,366,0,1,LNI,LION MENTARI AIRLINES,CFM56-7B,INC,CSO - ASIA,INDONESIA,43.3017,4.5182076,,,0,0,0,0,4.51820755,8.136398315,,,22.23059649,0.562935083,,22.2306,0.56294,,,,,WW15,0,WW,2011-01-19,Invalid
804705,2015-02-17,WW,0,FALSE,197182,CFM56,RDO,2015-02-05,2015-06-25,,32.785004,,-26.921827,-2.8181443,,43.103973,,,2015-02-06,8026,8026.2424,CFM56-7B26/3,LHQ,1,LNI,2020-07-02,0,707,1,LNI,LION MENTARI AIRLINES,CFM56-7B,INC,CSO - ASIA,INDONESIA,43.3017,,-10.516697,10.31897,0,0,0,0,,,-10.51669693,10.31896973,,,14.59543101,,,14.59543,,,,WW16,,,2011-01-19,Invalid
804705,2015-06-25,WW,0,FALSE,990661,CFM56,FDM,2015-02-17,2015-10-23,43.103973,44.17203,-26.921827,-10.718772,-2.6679294,32.785004,46.479843,-1.068058,10.31897,2015-06-25,8733,8733.797,CFM56-7B26/3,LHQ,1,LNI,2020-07-02,707,646,1,LNI,LION MENTARI AIRLINES,CFM56-7B,INC,CSO - ASIA,INDONESIA,43.3017,-0.1977272,0.8703308,2.3078117,0,0,0,0,-0.197727203,10.31896973,0.870330811,2.307811737,14.59543101,-0.022639318,3.572463989,14.59543,-0.02264,3.57246,-0.1035,5.40167,-99.64369243,WW17,0,WW,2011-01-19,Invalid
804705,2015-10-23,WW,0,FALSE,168370,CFM56,RDO,2015-06-25,2015-12-14,46.479843,44.111755,-10.718772,-11.284077,-2.6369812,44.17203,42.60934,2.3680878,2.3078117,2015-10-23,9379,9379.1732,CFM56-7B26/3,LHQ,1,LNI,2020-07-02,646,279,1,LNI,LION MENTARI AIRLINES,CFM56-7B,INC,CSO - ASIA,INDONESIA,43.3017,3.1781425,0.8100548,-1.5024147,0,0,0,0,3.178142548,2.307811737,0.810054779,-1.502414703,3.572463989,0.338851035,-5.384998937,3.57246,0.33885,-5.385,1.02612,0.74512,209.8610133,WW18,0,WW,2011-01-19,Invalid
804705,2015-12-14,WW,0,FALSE,1034559,CFM56,FDM,2015-10-23,2016-03-18,42.60934,43.531883,-11.284077,-18.61955,-2.596325,44.111755,50.21031,-0.9225426,-1.5024147,2015-12-14,9658,9658.447,CFM56-7B26/3,LHQ,1,LNI,2020-07-02,279,500,1,LNI,LION MENTARI AIRLINES,CFM56-7B,INC,CSO - ASIA,INDONESIA,43.3017,-0.6923599,0.23018265,6.6784286,0,0,0,0,-0.692359924,-1.502414703,0.230182648,6.67842865,-5.384998937,-0.071684394,13.3568573,-5.385,-0.07168,13.35686,0.61404,1.33246,-49.54698353,WW19,0,WW,2011-01-19,Invalid
804705,2016-03-18,WW,0,FALSE,1180385,CFM56,FDM,2015-12-14,2016-03-27,50.21031,50.30385,-18.61955,,-2.3801844,43.531883,49.96912,-0.09353638,6.6784286,2016-03-18,10158,10158.2893,CFM56-7B26/3,LHQ,1,LNI,2020-07-02,500,33,1,LNI,LION MENTARI AIRLINES,CFM56-7B,INC,CSO - ASIA,INDONESIA,43.3017,6.9086113,7.0021477,-0.33472824,0,0,0,0,6.908611298,6.67842865,7.002147675,-0.334728241,13.3568573,0.680095939,-10.14328003,13.35686,0.6801,-10.14328,-0.01401,-0.01354,,WW20,0,WW,2011-01-19,Invalid
804705,2016-03-27,WW,0,FALSE,197183,CFM56,RDO,2016-03-18,2016-07-05,49.96912,45.282093,,-17.526066,-2.3646045,50.30385,45.874508,4.687027,-0.33472824,2016-03-25,10191,10191.1551,CFM56-7B26/3,LHQ,1,LNI,2020-07-02,33,508,1,LNI,LION MENTARI AIRLINES,CFM56-7B,INC,CSO - ASIA,INDONESIA,43.3017,6.6674194,1.9803925,0.59241486,0,0,0,0,6.667419434,-0.334728241,1.980392456,0.592414856,-10.14328003,0.654235891,1.166170976,-10.14328,0.65424,1.16617,-14.00248,0.70297,267.4317798,WW21,0,WW,2011-01-19,Invalid
804705,2016-07-05,WW,0,FALSE,1180723,CFM56,FDM,2016-03-27,2016-10-10,45.874508,42.942,-17.526066,-19.368027,-2.2019968,45.282093,49.66478,2.9325066,0.59241486,2016-07-05,10699,10699.2888,CFM56-7B26/3,LHQ,1,LNI,2020-07-02,508,506,1,LNI,LION MENTARI AIRLINES,CFM56-7B,INC,CSO - ASIA,INDONESIA,43.3017,2.5728073,-0.35969925,6.7227783,0,0,0,0,2.572807312,0.592414856,-0.359699249,6.72277832,1.166170976,0.240465265,13.28612316,1.16617,0.24047,13.28612,4.95009,1.13981,151.4096713,WW22,0,WW,2011-01-19,Invalid
804705,2016-10-10,WW,0,FALSE,1181175,CFM56,FDM,2016-07-05,2017-07-13,49.66478,30.887085,-19.368027,-11.966364,-2.132058,42.942,49.290016,18.777695,6.7227783,2016-10-10,11205,11205.5933,CFM56-7B26/3,LHQ,1,LNI,2020-07-02,506,1328,1,LNI,LION MENTARI AIRLINES,CFM56-7B,INC,CSO - ASIA,INDONESIA,43.3017,6.363079,-12.414616,18.402931,0,0,0,0,6.363079071,6.72277832,-12.41461563,18.40293121,13.28612316,0.567848475,13.85762893,13.28612,0.56785,13.85763,2.79315,2.95104,1569.20639,WW23,0,WW,2011-01-19,Invalid
804705,2017-07-13,WW,0,FALSE,1158425,CFM56,FDM,2016-10-10,2017-08-02,49.290016,40.509033,-11.966364,13.452757,-1.9669822,30.887085,36.23774,8.780983,18.402931,2017-07-13,12533,12533.3357,CFM56-7B26/3,LHQ,1,LNI,2020-07-02,1328,130,1,LNI,LION MENTARI AIRLINES,CFM56-7B,INC,CSO - ASIA,INDONESIA,43.3017,5.9883156,-2.7926674,-4.2712936,0,0,0,0,5.988315582,18.40293121,-2.792667389,-4.27129364,13.85762893,0.477791047,-32.85610492,13.85763,0.47779,-32.8561,0.47715,1.46635,-652.7273962,WW24,0,WW,2011-01-19,Invalid
804705,2017-08-02,WW,0,FALSE,224943,CFM56,RDO,2017-07-13,2017-10-02,36.23774,34.040375,13.452757,-29.344576,-1.9453467,40.509033,39.290054,2.1973648,-4.2712936,2017-08-02,12663,12663.1502,CFM56-7B26/3,LHQ,1,LNI,2020-07-02,130,414,1,LNI,LION MENTARI AIRLINES,CFM56-7B,INC,CSO - ASIA,INDONESIA,43.3017,-7.063961,-9.261326,5.2496796,0,0,0,0,-7.063961029,-4.27129364,-9.261325836,5.249679565,-32.85610492,-0.557835998,12.68038542,-32.8561,-0.55784,12.68039,-0.51445,-0.31107,74.88146416,WW25,0,WW,2011-01-19,Invalid
804705,2017-10-02,WW,0,FALSE,1181493,CFM56,FDM,2017-08-02,2017-11-14,39.290054,35.671253,-29.344576,-30.48828,-2.049782,34.040375,41.83675,3.618801,5.2496796,2017-10-02,13077,13077.9963,CFM56-7B26/3,LHQ,1,LNI,2020-07-02,414,275,1,LNI,LION MENTARI AIRLINES,CFM56-7B,INC,CSO - ASIA,INDONESIA,43.3017,-4.0116463,-7.6304474,6.165497,0,0,0,0,-4.011646271,5.249679565,-7.630447388,6.165496826,12.68038542,-0.306747775,22.41998846,12.68039,-0.30675,22.41999,0.68934,-0.90207,118.6948295,WW26,0,WW,2011-01-19,Invalid
804705,2017-11-14,WW,0,FALSE,225906,CFM56,RDO,2017-10-02,2017-12-06,41.83675,37.052605,-30.48828,-7.4939594,-2.018395,35.671253,38.98581,4.7841454,6.165497,2017-11-14,13352,13352.3385,CFM56-7B26/3,LHQ,1,LNI,2020-07-02,275,109,1,LNI,LION MENTARI AIRLINES,CFM56-7B,INC,CSO - ASIA,INDONESIA,43.3017,-1.4649506,-6.249096,1.9332047,0,0,0,0,-1.464950562,6.165496826,-6.249095917,1.933204651,22.41998846,-0.109714906,17.73582249,22.41999,-0.10971,17.73582,0.77595,-3.26574,638.4002211,WW27,0,WW,2011-01-19,Invalid
804705,2017-12-06,WW,0,FALSE,227576,CFM56,RDO,2017-11-14,2017-12-22,38.98581,33.916496,-7.4939594,,-2.0138047,37.052605,30.216885,5.069313,1.9332047,2017-12-03,13461,13461.8195,CFM56-7B26/3,LHQ,1,LNI,2020-07-02,109,115,1,LNI,LION MENTARI AIRLINES,CFM56-7B,INC,CSO - ASIA,INDONESIA,43.3017,-4.3158913,-9.385204,-3.6996117,0,0,0,0,-4.315891266,1.933204651,-9.385204315,-3.699611664,17.73582249,-0.320602372,-32.17053621,17.73582,-0.3206,-32.17054,2.62223,-1.17457,,WW28,0,WW,2011-01-19,Invalid
804705,2017-12-22,WW,0,FALSE,1181775,CFM56,FDM,2017-12-06,2018-01-27,30.216885,42.95332,,-7.734004,-2.0223927,33.916496,42.469124,-12.736435,-3.6996117,2017-12-22,13576,13576.7495,CFM56-7B26/3,LHQ,1,LNI,2020-07-02,115,224,1,LNI,LION MENTARI AIRLINES,CFM56-7B,INC,CSO - ASIA,INDONESIA,43.3017,-13.084816,-0.34838104,-0.4841957,0,0,0,0,-13.08481598,-3.699611664,-0.348381042,-0.484195709,-32.17053621,-0.963766473,-2.161587988,-32.17054,-0.96377,-2.16159,3.44264,0.97338,-1646.809971,WW29,0,WW,2011-01-19,Invalid
804705,2018-01-27,WW,0,FALSE,1220909,CFM56,FDM,2017-12-22,2018-03-11,42.469124,31.29861,-7.734004,-44.25696,-1.9740605,42.95332,43.91116,11.170513,-0.4841957,2018-01-27,13800,13800.5823,CFM56-7B26/3,LHQ,1,LNI,2020-07-02,224,269,1,LNI,LION MENTARI AIRLINES,CFM56-7B,INC,CSO - ASIA,INDONESIA,43.3017,-0.83257675,-12.00309,12.612549,0,0,0,0,-0.832576752,-0.484195709,-12.0030899,12.61254883,-2.161587988,-0.060329103,46.88679862,-2.16159,-0.06033,46.8868,-23.07024,-13.4168,252.4012651,WW30,0,WW,2011-01-19,Invalid
804705,2018-03-11,WW,0,FALSE,1221067,CFM56,FDM,2018-01-27,2018-04-09,43.91116,33.65065,-44.25696,-68.74736,-1.9421715,31.29861,40.640575,10.2605095,12.612549,2018-03-11,14069,14069.1459,CFM56-7B26/3,LHQ,1,LNI,2020-07-02,269,157,1,LNI,LION MENTARI AIRLINES,CFM56-7B,INC,CSO - ASIA,INDONESIA,43.3017,0.6094589,-9.651051,6.9899254,0,0,0,0,0.609458923,12.61254883,-9.651050568,6.989925385,46.88679862,0.043318829,44.52181774,46.8868,0.04332,44.52182,0.81352,16.83544,149.2495051,WW31,0,WW,2011-01-19,Invalid
804705,2018-04-09,WW,0,FALSE,238848,CFM56,RDO,2018-03-11,2018-05-13,40.640575,33.98149,-68.74736,-39.509686,-1.9315798,33.65065,33.4238,6.6590843,6.9899254,2018-04-09,14226,14226.0771,CFM56-7B26/3,LHQ,1,LNI,2020-07-02,157,213,1,LNI,LION MENTARI AIRLINES,CFM56-7B,INC,CSO - ASIA,INDONESIA,43.3017,-2.6611252,-9.3202095,-0.55768967,0,0,0,0,-2.661125183,6.989925385,-9.320209503,-0.557689667,44.52181774,-0.187059663,-2.618261346,44.52182,-0.18706,-2.61826,0.95267,-2.50236,168.5430859,WW32,0,WW,2011-01-19,Invalid
804705,2018-05-13,WW,0,FALSE,1221213,CFM56,FDM,2018-04-09,2018-06-30,33.4238,32.83193,-39.509686,-40.0864,-1.9290662,33.98149,38.513134,0.59187317,-0.55768967,2018-05-13,14439,14439.6383,CFM56-7B26/3,LHQ,1,LNI,2020-07-02,213,359,1,LNI,LION MENTARI AIRLINES,CFM56-7B,INC,CSO - ASIA,INDONESIA,43.3017,-9.877899,-10.469772,5.6812057,0,0,0,0,-9.87789917,-0.557689667,-10.46977234,5.68120575,-2.618261346,-0.684082175,15.82508565,-2.61826,-0.68408,15.82509,-1.06129,-0.05992,14.7649373,WW33,0,WW,2011-01-19,Invalid
804705,2018-06-30,WW,0,FALSE,1251263,CFM56,FDM,2018-05-13,2018-07-20,38.513134,23.911339,-40.0864,-77.93032,-1.9141467,32.83193,36.07889,14.601795,5.6812057,2018-06-30,14798,14798.6353,CFM56-7B26/3,LHQ,1,LNI,2020-07-02,359,131,1,LNI,LION MENTARI AIRLINES,CFM56-7B,INC,CSO - ASIA,INDONESIA,43.3017,-4.7885666,-19.390362,12.167553,0,0,0,0,-4.788566589,5.68120575,-19.39036179,12.16755295,15.82508565,-0.323581634,92.88208357,15.82509,-0.32358,92.88208,2.57019,-3.0493,187.3698845,WW34,0,WW,2011-01-19,Invalid
804705,2018-07-20,WW,0,FALSE,248750,CFM56,RDO,2018-06-30,2018-08-10,36.07889,20.97155,-77.93032,-133.6771,-1.9097134,23.911339,37.81796,15.107342,12.167553,2018-07-20,14929,14929.7974,CFM56-7B26/3,LHQ,1,LNI,2020-07-02,131,140,1,LNI,LION MENTARI AIRLINES,CFM56-7B,INC,CSO - ASIA,INDONESIA,43.3017,-7.222809,-22.33015,16.846409,0,0,0,0,-7.222808838,12.16755295,-22.3301506,16.84640884,92.88208357,-0.483784786,120.3314917,92.88208,-0.48378,120.33149,1.24161,-2.09162,113.0136912,WW35,0,WW,2011-01-19,Invalid
804705,2018-08-10,WW,0,FALSE,1251265,CFM56,FDM,2018-07-20,2018-09-10,37.81796,31.347324,-133.6771,100.20818,-1.9208432,20.97155,0.772865,6.4706345,16.846409,2018-08-10,15069,15069.6557,CFM56-7B26/3,LHQ,1,LNI,2020-07-02,140,223,1,LNI,LION MENTARI AIRLINES,CFM56-7B,INC,CSO - ASIA,INDONESIA,43.3017,-5.4837418,-11.954376,-30.57446,0,0,0,0,-5.48374176,16.84640884,-11.95437622,-30.57445908,120.3314917,-0.363892969,-137.1051976,120.33149,-0.36389,-137.1052,0.3841,-1.17997,-64.57191666,WW36,0,WW,2011-01-19,Invalid
804705,2018-09-10,WW,0,FALSE,1251267,CFM56,FDM,2018-08-10,2018-11-04,0.772865,20.867044,100.20818,-64.26042,-1.9863245,31.347324,38.546307,-20.09418,-30.57446,2018-09-10,15292,15292.5156,CFM56-7B26/3,LHQ,1,LNI,2020-07-02,223,349,1,LNI,LION MENTARI AIRLINES,CFM56-7B,INC,CSO - ASIA,INDONESIA,43.3017,-42.528835,-22.434656,17.679262,0,0,0,0,-42.5288353,-30.57445908,-22.43465614,17.67926216,-137.1051976,-2.781022849,50.65691164,-137.1052,-2.78102,50.65691,0.65722,0.47248,-312.6991483,WW37,0,WW,2011-01-19,Invalid
804705,2018-11-04,WW,0,FALSE,1260409,CFM56,FDM,2018-09-10,2018-12-31,38.546307,35.433434,-64.26042,-14.930001,-2.0017257,20.867044,30.767706,3.112873,17.679262,2018-11-04,15641,15641.3949,CFM56-7B26/3,LHQ,1,LNI,2020-07-02,349,286,1,LNI,LION MENTARI AIRLINES,CFM56-7B,INC,CSO - ASIA,INDONESIA,43.3017,-4.755394,-7.868267,-4.6657276,0,0,0,0,-4.755393982,17.67926216,-7.868267059,-4.665727615,50.65691164,-0.304026208,-16.31373292,50.65691,-0.30403,-16.31373,0.17607,-0.6546,208.4978443,WW38,0,WW,2011-01-19,Invalid
804705,2018-12-31,WW,0,FALSE,1298613,CFM56,FDM,2018-11-04,2019-02-11,30.767706,32.982384,-14.930001,68.376564,-1.972711,35.433434,37.97316,-2.2146778,-4.6657276,2018-12-31,15927,15927.7598,CFM56-7B26/3,LHQ,1,LNI,2020-07-02,286,199,1,LNI,LION MENTARI AIRLINES,CFM56-7B,INC,CSO - ASIA,INDONESIA,43.3017,-12.533995,-10.319317,4.990776,0,0,0,0,-12.53399467,-4.665727615,-10.31931686,4.990776062,-16.31373292,-0.786927655,25.07927669,-16.31373,-0.78693,25.07928,0.47467,0.17669,32.38942819,WW39,0,WW,2011-01-19,Invalid
804705,2019-02-11,WW,0,FALSE,1298851,CFM56,FDM,2018-12-31,2019-03-28,37.97316,28.742146,68.376564,-56.474472,-1.9845665,32.982384,36.822025,9.231014,4.990776,2019-02-11,16126,16126.1939,CFM56-7B26/3,LHQ,1,LNI,2020-07-02,199,200,1,LNI,LION MENTARI AIRLINES,CFM56-7B,INC,CSO - ASIA,INDONESIA,43.3017,-5.328541,-14.559555,8.07988,0,0,0,0,-5.328540802,4.990776062,-14.55955505,8.079879761,25.07927669,-0.330427678,40.3993988,25.07928,-0.33043,40.3994,1.84961,-1.73237,163.4546356,WW40,0,WW,2011-01-19,Invalid
804705,2019-03-28,WW,0,FALSE,1299121,CFM56,FDM,2019-02-11,2019-05-10,36.822025,27.492964,-56.474472,17.600721,-1.9702975,28.742146,25.63937,9.3290615,8.07988,2019-03-28,16326,16326.4836,CFM56-7B26/3,LHQ,1,LNI,2020-07-02,200,136,1,LNI,LION MENTARI AIRLINES,CFM56-7B,INC,CSO - ASIA,INDONESIA,43.3017,-6.4796753,-15.808737,-1.8535938,0,0,0,0,-6.479675293,8.079879761,-15.8087368,-1.853593826,40.3993988,-0.396881255,-13.62936637,40.3994,-0.39688,-13.62937,1.1546,-1.43974,-530.0385886,WW41,0,WW,2011-01-19,Invalid
804705,2019-05-10,WW,0,FALSE,1308971,CFM56,FDM,2019-03-28,2019-07-19,25.63937,26.458405,17.600721,-24.004519,-1.9733338,27.492964,29.65411,-0.8190346,-1.8535938,2019-05-08,16462,16462.8497,CFM56-7B26/3,LHQ,1,LNI,2020-07-02,136,268,1,LNI,LION MENTARI AIRLINES,CFM56-7B,INC,CSO - ASIA,INDONESIA,43.3017,-17.66233,-16.843296,3.1957054,0,0,0,0,-17.66233063,-1.853593826,-16.84329605,3.195705414,-13.62936637,-1.07285986,11.92427393,-13.62937,-1.07286,11.92427,0.44186,0.04637,-34.12001687,WW42,0,WW,2011-01-19,Invalid
804705,2019-07-19,WW,0,FALSE,1322183,CFM56,FDM,2019-05-10,2019-09-01,29.65411,26.2803,-24.004519,-50.26165,-1.9740087,26.458405,33.02352,3.3738098,3.1957054,2019-07-19,16730,16730.8052,CFM56-7B26/3,LHQ,1,LNI,2020-07-02,268,198,1,LNI,LION MENTARI AIRLINES,CFM56-7B,INC,CSO - ASIA,INDONESIA,43.3017,-13.647591,-17.0214,6.7432213,0,0,0,0,-13.64759064,3.195705414,-17.02140045,6.743221283,11.92427393,-0.815716307,34.05667315,11.92427,-0.81572,34.05667,1.05573,-0.24721,67.12493141,WW43,0,WW,2011-01-19,Invalid
804705,2019-09-01,WW,0,FALSE,1328621,CFM56,FDM,2019-07-19,2019-09-27,33.02352,26.817554,-50.26165,-97.2764,-1.9769087,26.2803,31.980804,6.205967,6.7432213,2019-09-01,16928,16928.8886,CFM56-7B26/3,LHQ,1,LNI,2020-07-02,198,132,1,LNI,LION MENTARI AIRLINES,CFM56-7B,INC,CSO - ASIA,INDONESIA,43.3017,-10.278179,-16.484146,5.16325,0,0,0,0,-10.27817917,6.743221283,-16.48414612,5.163249969,34.05667315,-0.607138449,39.11553007,34.05667,-0.60714,39.11553,0.92033,-0.6038,63.79725294,WW44,0,WW,2011-01-19,Invalid
804705,2019-09-27,WW,0,FALSE,1339527,CFM56,FDM,2019-09-01,2019-11-04,31.980804,27.511826,-97.2764,-19.462404,-1.9768822,26.817554,29.58744,4.468979,5.16325,2019-09-27,17060,17060.446,CFM56-7B26/3,LHQ,1,LNI,2020-07-02,132,207,1,LNI,LION MENTARI AIRLINES,CFM56-7B,INC,CSO - ASIA,INDONESIA,43.3017,-11.320896,-15.789875,2.075615,0,0,0,0,-11.32089615,5.163249969,-15.78987503,2.075614929,39.11553007,-0.663575627,10.02712526,39.11553,-0.66358,10.02713,0.86554,-0.39475,229.6211107,WW45,0,WW,2011-01-19,Invalid
804705,2019-11-04,WW,0,FALSE,1345747,CFM56,FDM,2019-09-27,2019-12-07,29.58744,32.590538,-19.462404,-19.067936,-1.9497441,27.511826,30.171555,-3.0030975,2.075615,2019-11-04,17267,17267.5801,CFM56-7B26/3,LHQ,1,LNI,2020-07-02,207,164,1,LNI,LION MENTARI AIRLINES,CFM56-7B,INC,CSO - ASIA,INDONESIA,43.3017,-13.71426,-10.711163,-2.4189835,0,0,0,0,-13.7142601,2.075614929,-10.71116257,-2.418983459,10.02712526,-0.794220153,-14.74989914,10.02713,-0.79422,-14.7499,-1.44685,0.21898,-157.4946309,WW46,0,WW,2011-01-19,Invalid
804705,2019-12-07,WW,0,FALSE,1353501,CFM56,FDM,2019-11-04,2020-02-08,30.171555,33.38023,-19.067936,-17.264603,-1.9376043,32.590538,35.21783,-3.2086754,-2.4189835,2019-12-07,17431,17431.8633,CFM56-7B26/3,LHQ,1,LNI,2020-07-02,164,355,1,LNI,LION MENTARI AIRLINES,CFM56-7B,INC,CSO - ASIA,INDONESIA,43.3017,-13.130146,-9.921471,1.8376007,0,0,0,,-13.13014603,-2.418983459,-9.921470642,,-14.74989914,-0.753226766,,-14.7499,-0.75323,5.17634,1.32646,0.24437,-185.852837,WW47,0,WW,2011-01-19,Invalid
804705,2020-02-08,WW,0,FALSE,1366979,CFM56,FDM,2019-12-07,,35.21783,,-17.264603,,-1.9115808,33.38023,,,1.8376007,2020-02-08,17786,17786.8654,CFM56-7B26/3,LHQ,1,LNI,2020-07-02,355,,1,LNI,LION MENTARI AIRLINES,CFM56-7B,INC,CSO - ASIA,INDONESIA,43.3017,-8.08387,,,0,0,,,-8.083869934,1.837600708,,,5.176340023,-0.454485361,,5.17634,-0.45449,,,,,WW48,0,WW,2011-01-19,Invalid
804705,2020-09-11,WW,0,FALSE,1366979,CFM56,FDM,2019-12-07,,35.21783,,-17.264603,,-1.9115808,33.38023,,,1.8376007,2020-02-08,17786,17786.8654,CFM56-7B26/3,LHQ,1,LNI,2020-07-02,355,,1,LNI,LION MENTARI AIRLINES,CFM56-7B,INC,CSO - ASIA,INDONESIA,43.3017,-8.08387,,,0,0,,,-8.083869934,1.837600708,,,5.176340023,-0.454485361,,5.17634,-0.45449,,,,,WW48,0,WW,2011-01-19,Invalid
804706,2020-09-11,WW,0,FALSE,1366979,CFM56,FDM,2019-12-07,,35.21783,,-17.264603,,-1.9115808,33.38023,,,1.8376007,2020-02-08,17786,17786.8654,CFM56-7B26/3,LHQ,1,LNI,2020-07-02,355,,1,LNI,LION MENTARI AIRLINES,CFM56-7B,INC,CSO - ASIA,INDONESIA,43.3017,-8.08387,,,0,0,,,-8.083869934,1.837600708,,,5.176340023,-0.454485361,,5.17634,-0.45449,,,,,WW48,0,WW,2011-01-19,Invalid
