"region","customer","operator_name","tail_id","position","esn","engine_type","esn_run_no","category_count","date","flight_dttm","closest_diff_days","date_next","flight_dttm_next","start_date","sedi_ecsn","sedi_ecsn_prev","sedi_ecsv","tk_egthdm","tk_egthdm_prev","tk_egthdm_next","cr_gwfm","cr_gwfm_prev","cr_gwfm_next","cr_degt","cr_degt_prev","cr_degt_next","egtm_det","gwfm_det","degt_det","shift_cause","shift_cause_flag","egtm_det_adj","egtm_rec","gwfm_det_adj","gwfm_rec","degt_rec","egtm_recovery_ratio","gwfm_recovery_ratio","egtm_det_rec_diff","ecsw","flight_counts","egtm_dirty_det_rate","coverage_pct","Post_Removal_Flag","Rating_Flag","wash_data_gap","wash_data_gap2","quality_check1","quality_check_all","install_date","removal_date","aircraft_type","aircraft_model","engine_model","flight_counter","flight_counter_prev","flight_counter_install","washflag","data_type","adj_shift","cumu_shift_egtm","adj_shift_gwfm","cumu_shift_gwfm","counter","sv_count","category","npts","effectiveness_egtm","tk_egthdm_bfr","cr_gwfm_bfr","tk_egthdm_aft","cr_gwfm_aft","tk_egthdm_psv","cr_gwfm_psv","egm_det_bfr_psv","egm_det_aft_psv","gwfm_det_bfr_psv","gwfm_det_aft_psv","type","wash_type","engine_status"
"ASIA","LNI","LION MENTARI AIRLINES","LGU",1,803930,"CFM56-7B26/3","RUN_1","WW_1",2010-07-04 00:00:00,2010-07-03 12:52:32,-0.46,2010-07-04,2010-07-04 00:10:40,2010-03-31 12:28:50,650,10,650,71.9,85.9,72,2.011,1.471,2.088,30.9,20.5,28.5,14,-0.54,-10.4,"WW",0,14,0.0999999999999943,-0.54,0.077,-2.4,0.007,-0.143,13.9,640,643,21.9,100.46875,"NO","NO",0.01,0.46,"valid","valid",2010-03-18,2018-04-28 23:59:59,"B737-900","B737","CFM56-7",644,1,644,"wash_before","averaged_40",14,0,-0.54,0,1,0,"WW",40,"ineffective",71.9,2.011,72,2.088,85.9,1.471,14,13.9,0.54,0.617,"Historical","WATER WASH",
"ASIA","LNI","LION MENTARI AIRLINES","LGU",1,803930,"CFM56-7B26/3","RUN_1","WW_2",2010-09-03 00:00:00,2010-09-02 23:29:24,-0.02,2010-09-03,2010-09-03 02:19:26,2010-07-03 12:52:32,1028,650,1028,68.4,72,82.6,2.031,2.088,1.77,28,28.5,22.7,3.59999999999999,0.0569999999999999,0.5,"WW",0,3.59999999999999,14.2,0.0569999999999999,-0.261,-5.3,3.944,-4.579,-10.6,378,371,9.5,98.1481481481482,"NO","NO",0.1,0.02,"valid","valid",2010-03-18,2018-04-28 23:59:59,"B737-900","B737","CFM56-7",1015,644,1015,"wash_before","averaged_40",3.59999999999999,0,0.0569999999999999,0,2,0,"WW",40,"effective",68.4,2.031,82.6,1.77,85.9,1.471,17.5,3.30000000000001,0.56,0.299,"Historical","WATER WASH",
"ASIA","LNI","LION MENTARI AIRLINES","LGU",1,803930,"CFM56-7B26/3","RUN_1","WW_3",2010-11-13 00:00:00,2010-11-08 13:14:54,-4.45,2010-11-13,2010-11-14 09:20:55,2010-09-02 23:29:24,1464,1028,1464,72.7,82.6,80.9,1.614,1.77,1.211,26.8,22.7,24.1,9.89999999999999,0.156,-4.1,"WW",0,9.89999999999999,8.2,0.156,-0.403,-2.7,0.828,-2.583,1.7,436,431,22.7,98.8532110091743,"NO","NO",1.39,4.45,"valid","valid",2010-03-18,2018-04-28 23:59:59,"B737-900","B737","CFM56-7",1446,1015,1446,"wash_before","averaged_40",9.89999999999999,0,0.156,0,3,0,"WW",40,"effective",72.7,1.614,80.9,1.211,85.9,1.471,13.2,5,0.143,-0.26,"Historical","WATER WASH",
"ASIA","LNI","LION MENTARI AIRLINES","LGU",1,803930,"CFM56-7B26/3","RUN_1","WW_4",2011-01-04 00:00:00,2011-01-03 23:20:55,-0.03,2011-01-04,2011-01-04 01:04:36,2010-11-08 13:14:54,1834,1464,1834,77.7,80.9,75.3,1.199,1.211,1.099,20.1,24.1,24,3.2,0.012,4,"WW",0,3.2,-2.40000000000001,0.012,-0.1,3.9,-0.75,-8.333,5.6,370,320,8.6,86.4864864864865,"NO","NO",0.04,0.03,"valid","valid",2010-03-18,2018-04-28 23:59:59,"B737-900","B737","CFM56-7",1766,1446,1766,"wash_before","averaged_40",3.2,0,0.012,0,4,0,"WW",40,"ineffective",77.7,1.199,75.3,1.099,85.9,1.471,8.2,10.6,-0.272,-0.372,"Historical","WATER WASH",
"ASIA","LNI","LION MENTARI AIRLINES","LGU",1,803930,"CFM56-7B26/3","RUN_1","WW_5",2011-03-01 00:00:00,2011-02-28 13:26:21,-0.44,2011-03-01,2011-03-01 00:10:14,2011-01-03 23:20:55,2198,1834,2198,67.3,75.3,73.5,1.194,1.099,0.953,25.3,24,23.9,8,-0.095,-1.3,"WW",0,8,6.2,-0.095,-0.241,-1.4,0.775,2.537,1.8,364,323,22,88.7362637362637,"NO","NO",0.01,0.44,"valid","valid",2010-03-18,2018-04-28 23:59:59,"B737-900","B737","CFM56-7",2089,1766,2089,"wash_before","averaged_40",8,0,-0.095,0,5,0,"WW",40,"effective",67.3,1.194,73.5,0.953,85.9,1.471,18.6,12.4,-0.277,-0.518,"Historical","WATER WASH",
"ASIA","LNI","LION MENTARI AIRLINES","LGU",1,803930,"CFM56-7B26/3","RUN_1","WW_6",2011-04-25 00:00:00,2011-04-24 11:57:43,-0.5,2011-04-25,2011-04-25 00:12:47,2011-02-28 13:26:21,2559,2198,2559,71.3,73.5,71.1,1.008,0.953,0.83,24.1,23.9,22.7,2.2,-0.055,-0.200000000000003,"WW",0,2.2,-0.200000000000003,-0.055,-0.178,-1.4,-0.091,3.236,2.4,361,356,6.1,98.6149584487535,"NO","NO",0.01,0.5,"valid","valid",2010-03-18,2018-04-28 23:59:59,"B737-900","B737","CFM56-7",2445,2089,2445,"wash_before","averaged_40",2.2,0,-0.055,0,6,0,"WW",40,"ineffective",71.3,1.008,71.1,0.83,85.9,1.471,14.6,14.8,-0.463,-0.641,"Historical","WATER WASH",
"ASIA","LNI","LION MENTARI AIRLINES","LGU",1,803930,"CFM56-7B26/3","RUN_1","WW_7",2011-08-05 00:00:00,2011-08-04 23:35:57,-0.02,2011-08-05,2011-08-05 01:00:02,2011-04-24 11:57:43,3239,2559,3239,49.5,71.1,56.2,1.278,0.83,1.671,29.7,22.7,33.5,21.6,-0.448,-7,"WW",0,21.6,6.7,-0.448,0.393,3.8,0.31,-0.877,14.9,680,653,31.8,96.0294117647059,"NO","NO",0.04,0.02,"valid","valid",2010-03-18,2018-04-28 23:59:59,"B737-900","B737","CFM56-7",3098,2445,3098,"wash_before","averaged_40",21.6,0,-0.448,0,7,0,"WW",40,"ineffective",49.5,1.278,56.2,1.671,85.9,1.471,36.4,29.7,-0.193,0.2,"Historical","WATER WASH",
"ASIA","LNI","LION MENTARI AIRLINES","LGU",1,803930,"CFM56-7B26/3","RUN_1","WW_8",2011-11-05 00:00:00,2011-11-04 14:42:17,-0.39,2011-11-05,2011-11-05 00:20:07,2011-08-04 23:35:57,3808,3239,3808,45.7,56.2,57.7,1.426,1.671,1.165,33.6,33.5,33.2,10.5,0.245,-0.100000000000001,"WW",0,10.5,12,0.245,-0.261,-0.399999999999999,1.143,-1.065,-1.5,569,454,18.5,79.7891036906854,"NO","NO",0.01,0.39,"valid","valid",2010-03-18,2018-04-28 23:59:59,"B737-900","B737","CFM56-7",3552,3098,3552,"wash_before","averaged_40",10.5,0,0.245,0,8,0,"WW",40,"effective",45.7,1.426,57.7,1.165,85.9,1.471,40.2,28.2,-0.0450000000000002,-0.306,"Historical","WATER WASH",
"ASIA","LNI","LION MENTARI AIRLINES","LGU",1,803930,"CFM56-7B26/3","RUN_1","WW_9",2012-01-28 00:00:00,2012-01-27 22:34:42,-0.06,2012-01-28,2012-01-28 00:21:52,2011-11-04 14:42:17,4352,3808,4352,56.5,57.7,64.7,0.822,1.165,0.729,29.3,33.2,30.2,1.2,0.343,3.9,"WW",0,1.2,8.2,0.343,-0.093,0.899999999999999,6.833,-0.271,-7,544,496,2.2,91.1764705882353,"NO","NO",0.02,0.06,"valid","valid",2010-03-18,2018-04-28 23:59:59,"B737-900","B737","CFM56-7",4048,3552,4048,"wash_before","averaged_40",1.2,0,0.343,0,9,0,"WW",40,"effective",56.5,0.822,64.7,0.729,85.9,1.471,29.4,21.2,-0.649,-0.742,"Historical","WATER WASH",
"ASIA","LNI","LION MENTARI AIRLINES","LGU",1,803930,"CFM56-7B26/3","RUN_1","WW_10",2012-04-30 00:00:00,2012-04-29 15:27:00,-0.36,2012-04-30,2012-04-30 00:45:00,2012-01-27 22:34:42,4956,4352,4956,65,64.7,70,0.519,0.729,0.233,28.4,30.2,26.9,-0.299999999999997,0.21,1.8,"WW",0,-0.299999999999997,5,0.21,-0.286,-1.5,-16.667,-1.362,-5.3,604,521,-0.5,86.2582781456954,"NO","NO",0.03,0.36,"valid","valid",2010-03-18,2018-04-28 23:59:59,"B737-900","B737","CFM56-7",4569,4048,4569,"wash_before","averaged_40",-0.299999999999997,0,0.21,0,10,0,"WW",40,"ineffective",65,0.519,70,0.233,85.9,1.471,20.9,15.9,-0.952,-1.238,"Historical","WATER WASH",
"ASIA","LNI","LION MENTARI AIRLINES","LGU",1,803930,"CFM56-7B26/3","RUN_1","WW_11",2012-07-15 00:00:00,2012-07-14 23:13:00,-0.03,2012-07-15,2012-07-15 01:55:00,2012-04-29 15:27:00,5438,4956,5438,51.9,70,63.9,0.938,0.233,0.529,30,26.9,30.3,18.1,-0.705,-3.1,"WW",0,18.1,12,-0.705,-0.409,0.300000000000001,0.663,0.58,6.1,482,513,37.6,106.43153526971,"NO","NO",0.08,0.03,"valid","valid",2010-03-18,2018-04-28 23:59:59,"B737-900","B737","CFM56-7",5082,4569,5082,"wash_before","averaged_40",18.1,0,-0.705,0,11,0,"WW",40,"effective",51.9,0.938,63.9,0.529,85.9,1.471,34,22,-0.533,-0.942,"Historical","WATER WASH",
"ASIA","LNI","LION MENTARI AIRLINES","LGU",1,803930,"CFM56-7B26/3","RUN_1","WW_12",2012-12-13 00:00:00,2012-12-12 23:16:00,-0.03,2012-12-13,2012-12-13 01:06:00,2012-07-14 23:13:00,6342,5438,6342,38.4,63.9,54.6,1.492,0.529,1.057,41.6,30.3,41.3,25.5,-0.963,-11.3,"WW",0,25.5,16.2,-0.963,-0.435,-0.300000000000004,0.635,0.452,9.3,904,811,28.2,89.712389380531,"NO","NO",0.05,0.03,"valid","valid",2010-03-18,2018-04-28 23:59:59,"B737-900","B737","CFM56-7",5893,5082,5893,"wash_before","averaged_40",25.5,0,-0.963,0,12,0,"WW",40,"effective",38.4,1.492,54.6,1.057,85.9,1.471,47.5,31.3,0.0209999999999999,-0.414,"Historical","WATER WASH",
"ASIA","LNI","LION MENTARI AIRLINES","LGU",1,803930,"CFM56-7B26/3","RUN_1","WW_13",2013-03-21 00:00:00,2013-03-20 22:57:00,-0.04,2013-03-21,2013-03-21 01:28:00,2012-12-12 23:16:00,6970,6342,6970,51.5,54.6,58.8,1.218,1.057,1.34,43.5,41.3,41.5,3.1,-0.161,-2.2,"WW",0,3.1,7.3,-0.161,0.122,-2,2.355,-0.758,-4.2,628,551,4.9,87.7388535031847,"NO","NO",0.06,0.04,"valid","valid",2010-03-18,2018-04-28 23:59:59,"B737-900","B737","CFM56-7",6444,5893,6444,"wash_before","averaged_40",3.1,0,-0.161,0,13,0,"WW",40,"effective",51.5,1.218,58.8,1.34,85.9,1.471,34.4,27.1,-0.253,-0.131,"Historical","WATER WASH",
"ASIA","LNI","LION MENTARI AIRLINES","LGU",1,803930,"CFM56-7B26/3","RUN_1","WW_14",2013-06-16 00:00:00,2013-06-15 22:24:00,-0.07,2013-06-16,2013-06-16 01:05:00,2013-03-20 22:57:00,7462,6970,7462,55.9,58.8,63.2,1.176,1.34,1.107,38.3,41.5,35,2.9,0.164,3.2,"WW",0,2.9,7.3,0.164,-0.069,-3.3,2.517,-0.421,-4.4,492,409,5.9,83.130081300813,"NO","NO",0.05,0.07,"valid","valid",2010-03-18,2018-04-28 23:59:59,"B737-900","B737","CFM56-7",6853,6444,6853,"wash_before","averaged_40",2.9,0,0.164,0,14,0,"WW",40,"effective",55.9,1.176,63.2,1.107,85.9,1.471,30,22.7,-0.295,-0.364,"Historical","WATER WASH",
"ASIA","LNI","LION MENTARI AIRLINES","LGU",1,803930,"CFM56-7B26/3","RUN_1","WW_15",2013-09-18 00:00:00,2013-09-17 14:12:00,-0.41,2013-09-18,2013-09-19 02:52:00,2013-06-15 22:24:00,8024,7462,8024,48.8,63.2,58.1,1.546,1.107,0.822,40.7,35,37.9,14.4,-0.439,-5.7,"WW",0,14.4,9.3,-0.439,-0.724,-2.8,0.646,1.649,5.1,562,559,25.6,99.4661921708185,"NO","NO",1.12,0.41,"valid","valid",2010-03-18,2018-04-28 23:59:59,"B737-900","B737","CFM56-7",7412,6853,7412,"wash_before","averaged_40",14.4,0,-0.439,0,15,0,"WW",40,"effective",48.8,1.546,58.1,0.822,85.9,1.471,37.1,27.8,0.075,-0.649,"Historical","WATER WASH",
"ASIA","LNI","LION MENTARI AIRLINES","LGU",1,803930,"CFM56-7B26/3","RUN_1","WW_16",2013-12-08 00:00:00,2013-12-07 14:42:00,-0.39,2013-12-08,2013-12-08 01:17:00,2013-09-17 14:12:00,8533,8024,8533,47.6,58.1,52.7,1.176,0.822,1.893,42.2,37.9,43.8,10.5,-0.354,-4.3,"WW",0,10.5,5.1,-0.354,0.717,1.59999999999999,0.486,-2.025,5.4,509,456,20.6,89.5874263261297,"NO","NO",0.05,0.39,"valid","valid",2010-03-18,2018-04-28 23:59:59,"B737-900","B737","CFM56-7",7868,7412,7868,"wash_before","averaged_40",10.5,0,-0.354,0,16,0,"WW",40,"ineffective",47.6,1.176,52.7,1.893,85.9,1.471,38.3,33.2,-0.295,0.422,"Historical","WATER WASH",
"ASIA","LNI","LION MENTARI AIRLINES","LGU",1,803930,"CFM56-7B26/3","RUN_1","WW_17",2014-03-25 00:00:00,2014-03-24 12:44:00,-0.47,2014-03-25,2014-03-25 01:57:00,2013-12-07 14:42:00,9024,8533,9024,51.1,52.7,53,1.656,1.893,0.99,42.4,43.8,36.9,1.6,0.237,1.4,"WW",0,1.6,1.9,0.237,-0.666,-5.5,1.187,-2.81,-0.3,491,470,3.3,95.7230142566191,"NO","NO",0.08,0.47,"valid","valid",2010-03-18,2018-04-28 23:59:59,"B737-900","B737","CFM56-7",8338,7868,8338,"wash_before","averaged_40",1.6,0,0.237,0,17,0,"WW",40,"effective",51.1,1.656,53,0.99,85.9,1.471,34.8,32.9,0.185,-0.481,"Historical","WATER WASH",
"ASIA","LNI","LION MENTARI AIRLINES","LGU",1,803930,"CFM56-7B26/3","RUN_1","WW_18",2014-06-16 00:00:00,2014-06-15 15:29:00,-0.35,2014-06-16,2014-06-16 01:53:00,2014-03-24 12:44:00,9396,9024,9396,53,53,56,1.268,0.99,0.971,38.4,36.9,37.9,0,-0.278,-1.5,"WW",0,0,3,-0.278,-0.297,-0.5,Inf,1.068,-3,372,335,0,90.0537634408602,"NO","NO",0.08,0.35,"valid","valid",2010-03-18,2018-04-28 23:59:59,"B737-900","B737","CFM56-7",8673,8338,8673,"wash_before","averaged_40",0,0,-0.278,0,18,0,"WW",40,"effective",53,1.268,56,0.971,85.9,1.471,32.9,29.9,-0.203,-0.5,"Historical","WATER WASH",
"ASIA","LNI","LION MENTARI AIRLINES","LGU",1,803930,"CFM56-7B26/3","RUN_1","WW_19",2014-08-04 00:00:00,2014-08-03 22:41:00,-0.05,2014-08-04,2014-08-04 01:09:00,2014-06-15 15:29:00,9648,9396,9648,45.4,56,49.8,1.293,0.971,1.247,43.2,37.9,44.4,10.6,-0.322,-5.3,"WW",0,10.6,4.4,-0.322,-0.0459999999999998,1.2,0.415,0.143,6.2,252,242,42.1,96.031746031746,"NO","NO",0.05,0.05,"valid","valid",2010-03-18,2018-04-28 23:59:59,"B737-900","B737","CFM56-7",8915,8673,8915,"wash_before","averaged_40",10.6,0,-0.322,0,19,0,"WW",40,"ineffective",45.4,1.293,49.8,1.247,85.9,1.471,40.5,36.1,-0.178,-0.224,"Historical","WATER WASH",
"ASIA","LNI","LION MENTARI AIRLINES","LGU",1,803930,"CFM56-7B26/3","RUN_1","WW_20",2014-09-16 00:00:00,2014-09-15 23:46:00,-0.01,2014-09-16,2014-09-16 02:06:00,2014-08-03 22:41:00,9902,9648,9902,23.5,49.8,46.6,2.559,1.247,1.14,52.7,44.4,40.3,26.3,-1.312,-8.3,"WW",0,26.3,23.1,-1.312,-1.419,-12.4,0.878,1.082,3.2,254,247,,97.244094488189,"NO","NO",0.09,0.01,"valid","valid",2010-03-18,2018-04-28 23:59:59,"B737-900","B737","CFM56-7",9162,8915,9162,"wash_before","averaged_40",26.3,0,-1.312,0,20,0,"WW",40,"effective",23.5,2.559,46.6,1.14,85.9,1.471,62.4,39.3,1.088,-0.331,"Historical","WATER WASH",
"ASIA","LNI","LION MENTARI AIRLINES","LGU",1,803930,"CFM56-7B26/3","RUN_1","WW_21",2014-12-29 00:00:00,2014-12-27 04:47:00,-1.8,2014-12-29,2014-12-30 23:29:00,2014-09-15 23:46:00,10495,9902,10495,38.3,46.6,32.9,2.458,1.14,2.521,51.5,40.3,49.9,8.3,-1.318,-11.2,"WW",0,8.3,-5.4,-1.318,0.0629999999999997,-1.6,-0.651,-0.048,13.7,593,563,14,94.9409780775717,"NO","NO",1.98,1.8,"invalid","invalid",2010-03-18,2018-04-28 23:59:59,"B737-900","B737","CFM56-7",9725,9162,9725,"wash_before","averaged_40",8.3,0,-1.318,0,21,0,"WW",40,"ineffective",38.3,2.458,32.9,2.521,85.9,1.471,47.6,53,0.987,1.05,"Historical","WATER WASH",
"ASIA","LNI","LION MENTARI AIRLINES","LGU",1,803930,"CFM56-7B26/3","RUN_1","WW_22",2015-05-23 00:00:00,2015-05-21 12:17:52,-1.49,2015-05-23,2015-05-23 00:13:35,2014-12-27 04:47:00,11199,10495,11199,31.3,32.9,38.9,2.04,2.521,1.383,48.1,49.9,42.9,1.6,0.481,1.8,"WW",0,1.6,7.6,0.481,-0.657,-5.2,4.75,-1.366,-6,704,658,2.3,93.4659090909091,"NO","NO",0.01,1.49,"valid","valid",2010-03-18,2018-04-28 23:59:59,"B737-900","B737","CFM56-7",10383,9725,10383,"wash_before","averaged_40",1.6,0,0.481,0,22,0,"WW",40,"effective",31.3,2.04,38.9,1.383,85.9,1.471,54.6,47,0.569,-0.0880000000000001,"Historical","WATER WASH",
"ASIA","LNI","LION MENTARI AIRLINES","LGU",1,803930,"CFM56-7B26/3","RUN_1","WW_23",2015-11-30 00:00:00,2015-11-29 23:34:10,-0.02,2015-11-30,2015-11-30 01:59:19,2015-05-21 12:17:52,12121,11199,12121,14.4,38.9,31.3,2.273,1.383,1.996,57.8,42.9,52,24.5,-0.89,-14.9,"WW",0,24.5,16.9,-0.89,-0.277,-5.8,0.69,0.311,7.6,922,855,26.6,92.7331887201735,"NO","NO",0.08,0.02,"valid","valid",2010-03-18,2018-04-28 23:59:59,"B737-900","B737","CFM56-7",11238,10383,11238,"wash_before","averaged_40",24.5,0,-0.89,0,23,0,"WW",40,"effective",14.4,2.273,31.3,1.996,85.9,1.471,71.5,54.6,0.802,0.525,"Historical","WATER WASH",
"ASIA","LNI","LION MENTARI AIRLINES","LGU",1,803930,"CFM56-7B26/3","RUN_1","WW_24",2016-07-07 00:00:00,2016-07-06 23:24:19,-0.02,2016-07-07,2016-07-07 02:14:42,2015-11-29 23:34:10,13124,12121,13124,28.1,31.3,39.4,2.623,1.996,2.329,58.2,52,51,3.2,-0.627,-6.2,"WW",0,3.2,11.3,-0.627,-0.294,-7.2,3.531,0.469,-8.1,1003,951,3.2,94.8155533399801,"NO","NO",0.09,0.02,"valid","valid",2010-03-18,2018-04-28 23:59:59,"B737-900ER","B737","CFM56-7",12189,11238,12189,"wash_before","averaged_40",3.2,0,-0.627,0,24,0,"WW",40,"effective",28.1,2.623,39.4,2.329,85.9,1.471,57.8,46.5,1.152,0.858,"Historical","WATER WASH",
"ASIA","LNI","LION MENTARI AIRLINES","LGU",1,803930,"CFM56-7B26/3","RUN_1","WW_25",2016-09-19 00:00:00,2016-09-18 23:07:00,-0.04,2016-09-19,2016-09-19 01:22:12,2016-07-06 23:24:19,13559,13124,13559,24.2,39.4,38.3,2.281,2.329,2.527,52.5,51,47.8,15.2,0.048,-1.5,"WW",0,15.2,14.1,0.048,0.246,-4.7,0.928,5.125,1.1,435,413,34.9,94.9425287356322,"NO","NO",0.06,0.04,"valid","valid",2010-03-18,2018-04-28 23:59:59,"B737-900ER","B737","CFM56-7",12602,12189,12602,"wash_before","averaged_40",15.2,0,0.048,0,25,0,"WW",40,"effective",24.2,2.281,38.3,2.527,85.9,1.471,61.7,47.6,0.81,1.056,"Historical","WATER WASH",
"ASIA","LNI","LION MENTARI AIRLINES","LGU",1,803930,"CFM56-7B26/3","RUN_1","WW_26",2016-11-24 00:00:00,2016-11-23 23:30:31,-0.02,2016-11-24,2016-11-24 01:50:12,2016-09-18 23:07:00,13931,13559,13931,33.9,38.3,33.6,2.285,2.527,2.15,49.2,47.8,47.4,4.4,0.242,-1.40000000000001,"WW",0,4.4,-0.299999999999997,0.242,-0.135,-1.8,-0.068,-0.558,4.7,372,347,11.8,93.2795698924731,"NO","NO",0.08,0.02,"valid","valid",2010-03-18,2018-04-28 23:59:59,"B737-900ER","B737","CFM56-7",12949,12602,12949,"wash_before","averaged_40",4.4,0,0.242,0,26,0,"WW",40,"ineffective",33.9,2.285,33.6,2.15,85.9,1.471,52,52.3,0.814,0.679,"Historical","WATER WASH",
"ASIA","LNI","LION MENTARI AIRLINES","LGU",1,803930,"CFM56-7B26/3","RUN_1","WW_27",2017-03-16 00:00:00,2017-03-15 23:17:11,-0.03,2017-03-16,2017-03-16 01:38:00,2016-11-23 23:30:31,14610,13931,14610,36.3,33.6,34.2,1.744,2.15,1.602,46.1,47.4,46.1,-2.7,0.406,1.3,"WW",0,-2.7,-2.09999999999999,0.406,-0.142,0,0.778,-0.35,-0.6,679,670,-4,98.6745213549337,"NO","NO",0.07,0.03,"valid","valid",2010-03-18,2018-04-28 23:59:59,"B737-900ER","B737","CFM56-7",13619,12949,13619,"wash_before","averaged_40",-2.7,0,0.406,0,27,0,"WW",40,"effective",36.3,1.744,34.2,1.602,85.9,1.471,49.6,51.7,0.273,0.131,"Historical","WATER WASH",
"ASIA","LNI","LION MENTARI AIRLINES","LGU",1,803930,"CFM56-7B26/3","RUN_1","WW_28",2017-05-18 00:00:00,2017-05-17 21:39:11,-0.1,2017-05-18,2017-05-18 01:21:55,2017-03-15 23:17:11,14884,14610,14884,27.3,34.2,26.1,1.691,1.602,1.911,49.3,46.1,51.7,6.9,-0.089,-3.2,"WW",0,6.9,-1.2,-0.089,0.22,2.40000000000001,-0.174,-2.472,8.1,274,276,25.2,100.729927007299,"NO","NO",0.06,0.1,"valid","valid",2010-03-18,2018-04-28 23:59:59,"B737-900ER","B737","CFM56-7",13895,13619,13895,"wash_before","averaged_40",6.9,0,-0.089,0,28,0,"WW",40,"ineffective",27.3,1.691,26.1,1.911,85.9,1.471,58.6,59.8,0.22,0.44,"Historical","WATER WASH",
"ASIA","LNI","LION MENTARI AIRLINES","LGU",1,803930,"CFM56-7B26/3","RUN_1","WW_29",2017-12-06 00:00:00,2017-12-05 13:00:50,-0.46,2017-12-06,2017-12-06 00:19:05,2017-05-17 21:39:11,16138,14884,16138,26.8,26.1,31.3,2.015,1.911,1.538,46.8,51.7,47,-0.699999999999999,-0.104,4.90000000000001,"WW",0,-0.699999999999999,4.5,-0.104,-0.477,0.200000000000003,-6.429,4.587,-5.2,1254,1238,-0.6,98.7240829346092,"NO","NO",0.01,0.46,"valid","valid",2010-03-18,2018-04-28 23:59:59,"B737-900ER","B737","CFM56-7",15133,13895,15133,"wash_before","averaged_40",-0.699999999999999,0,-0.104,0,29,0,"WW",40,"ineffective",26.8,2.015,31.3,1.538,85.9,1.471,59.1,54.6,0.544,0.0669999999999999,"Historical","WATER WASH",
"ASIA","LNI","LION MENTARI AIRLINES","LGU",1,803930,"CFM56-7B26/3","RUN_1","WW_30",2018-01-12 00:00:00,2018-01-11 11:11:26,-0.53,2018-01-12,2018-01-12 01:27:55,2017-12-05 13:00:50,16382,16138,16382,27.9,31.3,33.6,1.661,1.538,2.014,51.1,47,48,3.4,-0.123,-4.1,"WW",0,3.4,5.7,-0.123,0.353,-3.1,1.676,-2.87,-2.3,244,252,13.9,103.27868852459,"NO","NO",0.06,0.53,"valid","valid",2010-03-18,2018-04-28 23:59:59,"B737-900ER","B737","CFM56-7",15385,15133,15385,"wash_before","averaged_40",3.4,0,-0.123,0,30,0,"WW",40,"effective",27.9,1.661,33.6,2.014,85.9,1.471,58,52.3,0.19,0.543,"Historical","WATER WASH",
"ASIA","LNI","LION MENTARI AIRLINES","LGU",1,803930,"CFM56-7B26/3","RUN_1","WW_31",2018-04-06 00:00:00,2018-04-05 13:26:38,-0.44,2018-04-06,2018-04-06 23:06:09,2018-01-11 11:11:26,16885,16382,16885,16.8,33.6,30.5,3.445,2.014,1.72,54.8,48,47.2,16.8,-1.431,-6.8,"WW",0,16.8,13.7,-1.431,-1.725,-7.59999999999999,0.815,1.205,3.1,503,479,33.4,95.2286282306163,"NO","NO",0.96,0.44,"valid","valid",2010-03-18,2018-04-28 23:59:59,"B737-900ER","B737","CFM56-7",15864,15385,15864,"wash_before","averaged_40",16.8,0,-1.431,0,31,0,"WW",40,"effective",16.8,3.445,30.5,1.72,85.9,1.471,69.1,55.4,1.974,0.249,"Historical","WATER WASH",
"ASIA","LNI","LION MENTARI AIRLINES","LOO",2,803930,"CFM56-7B24/3","RUN_2","WW_32",2019-03-02 00:00:00,2019-03-01 22:10:29,-0.08,2019-03-02,2019-03-02 03:24:05,2018-11-22 05:52:19,17392,17053,379,21.3,36,35.7,2.989,3.006,2.858,41.1,39.2,38.9,14.7,0.0169999999999999,-1.9,"WW",0,14.7,14.4,0.0169999999999999,-0.131,-2.2,0.98,-7.706,0.3,339,420,43.4,123.893805309735,"NO","NO",0.14,0.08,"valid","valid",2018-11-10,2019-04-29 23:59:59,"B737-800","B737","CFM56-7",16399,15979,421,"wash_before","averaged_40",14.7,0,0.0169999999999999,0,32,1,"WW",40,"effective",21.3,2.989,35.7,2.858,36,3.006,14.7,0.299999999999997,-0.0169999999999999,-0.148,"Historical","WATER WASH",
"ASIA","LNI","LION MENTARI AIRLINES","LHS",2,803930,"CFM56-7B26/3","RUN_2","WW_33",2019-07-18 00:00:00,2019-07-17 11:49:24,-0.51,2019-07-18,2019-07-18 02:29:19,2019-03-01 22:10:29,17860,17392,847,25.5,35.7,39.8,1.813,2.858,1.264,41.3,38.9,35.3,10.2,1.045,-2.4,"REMOVAL_WW",1,-24.5,14.3,0.644,-0.549,-6,-0.584,-0.852,-38.8,468,465,,99.3589743589744,"YES","NO",0.1,0.51,"invalid","invalid",2019-05-03,,"B737-900ER","B737","CFM56-7",16864,16399,244,"wash_before","averaged_40",10.2,-34.7,1.045,-0.401,33,1,"WW",40,"ineffective",25.5,1.813,39.8,1.264,36,3.006,-24.2,-38.5,-1.594,-2.143,"Historical","WATER WASH",
"ASIA","LNI","LION MENTARI AIRLINES","LHS",2,803930,"CFM56-7B26/3","RUN_2","WW_34",2019-10-13 00:00:00,2019-10-12 15:06:49,-0.37,2019-10-13,2019-10-13 03:00:30,2019-07-17 11:49:24,18359,17860,1346,22,39.8,30.5,0.996,1.264,0.992,41.6,35.3,40.9,17.8,0.268,-6.3,"WW",0,17.8,8.5,0.268,-0.004,-0.700000000000003,0.478,-0.015,9.3,499,569,35.7,114.028056112224,"NO","NO",0.13,0.37,"valid","valid",2019-05-03,,"B737-900ER","B737","CFM56-7",17433,16864,813,"wash_before","averaged_40",17.8,-34.7,0.268,-0.401,34,1,"WW",40,"ineffective",22,0.996,30.5,0.992,36,3.006,-20.7,-29.2,-2.411,-2.415,"Historical","WATER WASH",
"ASIA","LNI","LION MENTARI AIRLINES","LHS",2,803930,"CFM56-7B26/3","RUN_2","WW_35",2019-12-19 00:00:00,2019-12-18 16:24:29,-0.32,2019-12-19,2019-12-19 01:22:55,2019-10-12 15:06:49,18756,18359,1743,19.9,30.5,34.2,1.361,0.992,0.858,42.3,40.9,38.8,10.6,-0.369,-1.4,"WW",0,10.6,14.3,-0.369,-0.503,-3.5,1.349,1.363,-3.7,397,652,26.7,164.231738035264,"NO","NO",0.06,0.32,"valid","valid",2019-05-03,,"B737-900ER","B737","CFM56-7",18085,17433,1465,"wash_before","averaged_40",10.6,-34.7,-0.369,-0.401,35,1,"WW",40,"effective",19.9,1.361,34.2,0.858,36,3.006,-18.6,-32.9,-2.046,-2.549,"Historical","WATER WASH",
"ASIA","LNI","LION MENTARI AIRLINES","LHQ",1,804705,"CFM56-7B26/3","RUN_1","WW_1",2011-09-08 00:00:00,2011-09-07 23:57:55,0,2011-09-08,2011-09-08 02:17:12,2011-05-03 16:08:29,909,76,909,41.9,72,63.2,0.991,1.286,0.564,27.7,16.5,23.6,30.1,0.295,-11.2,"WW",0,30.1,21.3,0.295,-0.427,-4.1,0.708,-1.447,8.8,833,819,36.1,98.3193277310924,"NO","NO",0.1,0,"valid","valid",2011-01-19,,"B737-900","B737","CFM56-7",820,1,820,"wash_before","averaged_40",30.1,0,0.295,0,1,0,"WW",40,"effective",41.9,0.991,63.2,0.564,72,1.286,30.1,8.8,-0.295,-0.722,"Historical","WATER WASH",
"ASIA","LNI","LION MENTARI AIRLINES","LHQ",1,804705,"CFM56-7B26/3","RUN_1","WW_2",2011-12-08 00:00:00,2011-12-07 13:23:59,-0.44,2011-12-08,2011-12-08 01:55:29,2011-09-07 23:57:55,1515,909,1515,58.4,63.2,64.4,0.633,0.564,0.281,22.9,23.6,20,4.8,-0.0690000000000001,0.700000000000003,"WW",0,4.8,6.00000000000001,-0.0690000000000001,-0.352,-2.9,1.25,5.101,-1.2,606,587,7.9,96.8646864686469,"NO","NO",0.08,0.44,"valid","valid",2011-01-19,,"B737-900","B737","CFM56-7",1407,820,1407,"wash_before","averaged_40",4.8,0,-0.0690000000000001,0,2,0,"WW",40,"effective",58.4,0.633,64.4,0.281,72,1.286,13.6,7.59999999999999,-0.653,-1.005,"Historical","WATER WASH",
"ASIA","LNI","LION MENTARI AIRLINES","LHQ",1,804705,"CFM56-7B26/3","RUN_1","WW_3",2012-03-04 00:00:00,2012-03-03 11:10:48,-0.53,2012-03-04,2012-03-04 05:35:55,2011-12-07 13:23:59,2087,1515,2087,59.1,64.4,64.1,-0.214,0.281,-0.665,22.7,20,18.6,5.3,0.495,-2.7,"WW",0,5.3,4.99999999999999,0.495,-0.451,-4.1,0.943,-0.911,0.3,572,573,9.3,100.174825174825,"NO","NO",0.23,0.53,"valid","valid",2011-01-19,,"B737-900","B737","CFM56-7",1980,1407,1980,"wash_before","averaged_40",5.3,0,0.495,0,3,0,"WW",40,"effective",59.1,-0.214,64.1,-0.665,72,1.286,12.9,7.90000000000001,-1.5,-1.951,"Historical","WATER WASH",
"ASIA","LNI","LION MENTARI AIRLINES","LHQ",1,804705,"CFM56-7B26/3","RUN_1","WW_4",2012-06-04 00:00:00,2012-06-03 23:35:33,-0.02,2012-06-04,2012-06-04 02:05:18,2012-03-03 11:10:48,2687,2087,2687,52.4,64.1,61.8,-0.955,-0.665,-1.205,22.2,18.6,17.3,11.7,0.29,-3.6,"WW",0,11.7,9.4,0.29,-0.25,-4.9,0.803,-0.862,2.3,600,695,19.5,115.833333333333,"NO","NO",0.09,0.02,"valid","valid",2011-01-19,,"B737-900","B737","CFM56-7",2675,1980,2675,"wash_before","averaged_40",11.7,0,0.29,0,4,0,"WW",40,"effective",52.4,-0.955,61.8,-1.205,72,1.286,19.6,10.2,-2.241,-2.491,"Historical","WATER WASH",
"ASIA","LNI","LION MENTARI AIRLINES","LHQ",1,804705,"CFM56-7B26/3","RUN_1","WW_5",2012-08-26 00:00:00,2012-08-25 22:14:08,-0.07,2012-08-26,2012-08-26 00:59:17,2012-06-03 23:35:33,3202,2687,3202,45,61.8,58.5,-1.031,-1.205,-1.254,22.9,17.3,17.4,16.8,-0.174,-5.6,"WW",0,16.8,13.5,-0.174,-0.223,-5.5,0.804,1.282,3.3,515,472,32.6,91.6504854368932,"NO","NO",0.04,0.07,"valid","valid",2011-01-19,,"B737-900","B737","CFM56-7",3147,2675,3147,"wash_before","averaged_40",16.8,0,-0.174,0,5,0,"WW",40,"effective",45,-1.031,58.5,-1.254,72,1.286,27,13.5,-2.317,-2.54,"Historical","WATER WASH",
"ASIA","LNI","LION MENTARI AIRLINES","LHQ",1,804705,"CFM56-7B26/3","RUN_1","WW_6",2012-12-31 00:00:00,2012-12-30 13:14:12,-0.45,2012-12-31,2012-12-31 01:32:32,2012-08-25 22:14:08,4036,3202,4036,50,58.5,58.5,-0.3,-1.254,-0.042,23.9,17.4,26.3,8.5,-0.954,-6.5,"WW",0,8.5,8.5,-0.954,0.258,2.4,1,-0.27,0,834,715,10.2,85.7314148681055,"NO","NO",0.06,0.45,"valid","valid",2011-01-19,,"B737-900","B737","CFM56-7",3862,3147,3862,"wash_before","averaged_40",8.5,0,-0.954,0,6,0,"WW",40,"effective",50,-0.3,58.5,-0.042,72,1.286,22,13.5,-1.586,-1.328,"Historical","WATER WASH",
"ASIA","LNI","LION MENTARI AIRLINES","LHQ",1,804705,"CFM56-7B26/3","RUN_1","WW_7",2013-01-19 00:00:00,2013-01-18 22:22:10,-0.07,2013-01-19,2013-01-19 00:37:24,2012-12-30 13:14:12,4163,4036,4163,61.3,58.5,58.2,-0.526,-0.042,-0.353,21,26.3,22.4,-2.8,0.484,5.3,"WW",0,-2.8,-3.09999999999999,0.484,0.173,1.4,1.107,0.357,0.3,127,129,-22,101.574803149606,"NO","NO",0.03,0.07,"valid","valid",2011-01-19,,"B737-900","B737","CFM56-7",3991,3862,3991,"wash_before","averaged_40",-2.8,0,0.484,0,7,0,"WW",40,"effective",61.3,-0.526,58.2,-0.353,72,1.286,10.7,13.8,-1.812,-1.639,"Historical","WATER WASH",
"ASIA","LNI","LION MENTARI AIRLINES","LHQ",1,804705,"CFM56-7B26/3","RUN_1","WW_8",2013-05-21 00:00:00,2013-05-20 22:24:36,-0.07,2013-05-21,2013-05-21 01:17:37,2013-01-18 22:22:10,4847,4163,4847,49.5,58.2,57.4,-0.049,-0.353,-0.692,32.5,22.4,24.2,8.7,-0.304,-10.1,"WW",0,8.7,7.9,-0.304,-0.643,-8.3,0.908,2.115,0.8,684,656,12.7,95.906432748538,"NO","NO",0.05,0.07,"valid","valid",2011-01-19,,"B737-900","B737","CFM56-7",4647,3991,4647,"wash_before","averaged_40",8.7,0,-0.304,0,8,0,"WW",40,"effective",49.5,-0.049,57.4,-0.692,72,1.286,22.5,14.6,-1.335,-1.978,"Historical","WATER WASH",
"ASIA","LNI","LION MENTARI AIRLINES","LHQ",1,804705,"CFM56-7B26/3","RUN_1","WW_9",2013-08-14 00:00:00,2013-08-13 23:24:29,-0.02,2013-08-14,2013-08-14 01:49:56,2013-05-20 22:24:36,5386,4847,5386,42.4,57.4,54.9,-0.245,-0.692,-0.509,30.8,24.2,26.3,15,-0.447,-6.6,"WW",0,15,12.5,-0.447,-0.264,-4.5,0.833,0.591,2.5,539,479,27.8,88.8682745825603,"NO","NO",0.08,0.02,"valid","valid",2011-01-19,,"B737-900","B737","CFM56-7",5126,4647,5126,"wash_before","averaged_40",15,0,-0.447,0,9,0,"WW",40,"effective",42.4,-0.245,54.9,-0.509,72,1.286,29.6,17.1,-1.531,-1.795,"Historical","WATER WASH",
"ASIA","LNI","LION MENTARI AIRLINES","LHQ",1,804705,"CFM56-7B26/3","RUN_1","WW_10",2013-11-09 00:00:00,2013-11-08 22:23:15,-0.07,2013-11-09,2013-11-09 00:48:43,2013-08-13 23:24:29,5903,5386,5903,35.4,54.9,35.3,0.228,-0.509,0.194,33,26.3,33.1,19.5,-0.737,-6.7,"WW",0,19.5,-0.100000000000001,-0.737,-0.034,0.100000000000001,-0.005,0.046,19.6,517,523,37.7,101.160541586074,"NO","NO",0.03,0.07,"valid","valid",2011-01-19,,"B737-900","B737","CFM56-7",5649,5126,5649,"wash_before","averaged_40",19.5,0,-0.737,0,10,0,"WW",40,"ineffective",35.4,0.228,35.3,0.194,72,1.286,36.6,36.7,-1.058,-1.092,"Historical","WATER WASH",
"ASIA","LNI","LION MENTARI AIRLINES","LHQ",1,804705,"CFM56-7B26/3","RUN_1","WW_11",2014-01-18 00:00:00,2014-01-17 14:32:31,-0.39,2014-01-18,2014-01-19 03:24:06,2013-11-08 22:23:15,6264,5903,6264,52.8,35.3,49.3,-0.526,0.194,-0.049,26.8,33.1,30.7,-17.5,0.72,6.3,"WW",0,-17.5,-3.5,0.72,0.477,3.9,0.2,0.663,-14,361,390,-48.5,108.03324099723,"NO","NO",1.14,0.39,"invalid","invalid",2011-01-19,,"B737-900","B737","CFM56-7",6039,5649,6039,"wash_before","averaged_40",-17.5,0,0.72,0,11,0,"WW",40,"ineffective",52.8,-0.526,49.3,-0.049,72,1.286,19.2,22.7,-1.812,-1.335,"Historical","WATER WASH",
"ASIA","LNI","LION MENTARI AIRLINES","LHQ",1,804705,"CFM56-7B26/3","RUN_1","WW_12",2014-06-14 00:00:00,2014-06-13 22:59:29,-0.04,2014-06-14,2014-06-14 00:54:07,2014-01-17 14:32:31,7030,6264,7030,41.4,49.3,48.2,-0.299,-0.049,0.176,31.7,30.7,32.2,7.9,0.25,-1,"WW",0,7.9,6.8,0.25,0.475,0.500000000000004,0.861,1.9,1.1,766,734,10.3,95.822454308094,"NO","NO",0.04,0.04,"valid","valid",2011-01-19,,"B737-900","B737","CFM56-7",6773,6039,6773,"wash_before","averaged_40",7.9,0,0.25,0,12,0,"WW",40,"effective",41.4,-0.299,48.2,0.176,72,1.286,30.6,23.8,-1.585,-1.11,"Historical","WATER WASH",
"ASIA","LNI","LION MENTARI AIRLINES","LHQ",1,804705,"CFM56-7B26/3","RUN_1","WW_13",2014-10-31 00:00:00,2014-10-30 22:06:25,-0.08,2014-10-31,2014-10-31 00:19:36,2014-06-13 22:59:29,7660,7030,7660,30.3,48.2,47.8,0.449,0.176,-0.368,36.8,32.2,29.5,17.9,-0.273,-4.59999999999999,"WW",0,17.9,17.5,-0.273,-0.817,-7.3,0.978,2.993,0.4,630,631,28.4,100.15873015873,"NO","NO",0.01,0.08,"valid","valid",2011-01-19,,"B737-900","B737","CFM56-7",7404,6773,7404,"wash_before","averaged_40",17.9,0,-0.273,0,13,0,"WW",40,"effective",30.3,0.449,47.8,-0.368,72,1.286,41.7,24.2,-0.837,-1.654,"Historical","WATER WASH",
"ASIA","LNI","LION MENTARI AIRLINES","LHQ",1,804705,"CFM56-7B26/3","RUN_1","WW_14",2015-02-05 00:00:00,2015-02-04 13:49:14,-0.42,2015-02-05,2015-02-05 01:47:06,2014-10-30 22:06:25,8025,7660,8025,41,47.8,42,-0.016,-0.368,-0.291,32.9,29.5,31.6,6.8,-0.352,-3.4,"WW",0,6.8,1,-0.352,-0.275,-1.3,0.147,0.781,5.8,365,364,18.6,99.7260273972603,"NO","NO",0.07,0.42,"valid","valid",2011-01-19,,"B737-900","B737","CFM56-7",7768,7404,7768,"wash_before","averaged_40",6.8,0,-0.352,0,14,0,"WW",40,"ineffective",41,-0.016,42,-0.291,72,1.286,31,30,-1.302,-1.577,"Historical","WATER WASH",
"ASIA","LNI","LION MENTARI AIRLINES","LHQ",1,804705,"CFM56-7B26/3","RUN_1","WW_15",2015-02-21 00:00:00,2015-02-20 23:24:02,-0.02,2015-02-21,2015-02-26 02:47:35,2015-02-04 13:49:14,8127,8025,8127,40.7,42,45.1,0.078,-0.291,-0.782,34.3,31.6,26.5,1.3,-0.369,-2.7,"WW",0,1.3,4.4,-0.369,-0.86,-7.8,3.385,2.331,-3.1,102,13,12.7,12.7450980392157,"NO","NO",5.12,0.02,"valid","valid",2011-01-19,,"B737-900","B737","CFM56-7",7781,7768,7781,"wash_before","averaged_40",1.3,0,-0.369,0,15,0,"WW",40,"effective",40.7,0.078,45.1,-0.782,72,1.286,31.3,26.9,-1.208,-2.068,"Historical","WATER WASH",
"ASIA","LNI","LION MENTARI AIRLINES","LHQ",1,804705,"CFM56-7B26/3","RUN_1","WW_16",2015-06-25 00:00:00,2015-06-24 22:54:04,-0.05,2015-06-25,2015-06-25 01:08:53,2015-02-20 23:24:02,8729,8127,8729,29.7,45.1,46.5,-0.346,-0.782,-0.379,31.9,26.5,28.3,15.4,-0.436,-5.4,"WW",0,15.4,16.8,-0.436,-0.033,-3.6,1.091,0.076,-1.4,602,513,25.6,85.2159468438538,"NO","NO",0.05,0.05,"valid","valid",2011-01-19,,"B737-900","B737","CFM56-7",8294,7781,8294,"wash_before","averaged_40",15.4,0,-0.436,0,16,0,"WW",40,"effective",29.7,-0.346,46.5,-0.379,72,1.286,42.3,25.5,-1.632,-1.665,"Historical","WATER WASH",
"ASIA","LNI","LION MENTARI AIRLINES","LHQ",1,804705,"CFM56-7B26/3","RUN_1","WW_17",2015-12-14 00:00:00,2015-12-13 23:37:12,-0.02,2015-12-14,2015-12-14 01:45:36,2015-06-24 22:54:04,9653,8729,9653,42.1,46.5,50,-1.096,-0.379,-0.504,23.6,28.3,25.5,4.4,0.717,4.7,"WW",0,4.4,7.9,0.717,0.592,1.9,1.795,0.826,-3.5,924,895,4.8,96.8614718614719,"NO","NO",0.07,0.02,"valid","valid",2011-01-19,,"B737-900","B737","CFM56-7",9189,8294,9189,"wash_before","averaged_40",4.4,0,0.717,0,17,0,"WW",40,"effective",42.1,-1.096,50,-0.504,72,1.286,29.9,22,-2.382,-1.79,"Historical","WATER WASH",
"ASIA","LNI","LION MENTARI AIRLINES","LHQ",1,804705,"CFM56-7B26/3","RUN_1","WW_18",2016-03-18 00:00:00,2016-03-17 22:17:00,-0.07,2016-03-18,2016-03-18 02:16:41,2015-12-13 23:37:12,10153,9653,10153,41.2,50,50,-0.427,-0.504,-0.934,29.1,25.5,26.6,8.8,-0.077,-3.6,"WW",0,8.8,8.8,-0.077,-0.507,-2.5,1,6.584,0,500,507,17.6,101.4,"NO","NO",0.09,0.07,"valid","valid",2011-01-19,,"B737-900ER","B737","CFM56-7",9696,9189,9696,"wash_before","averaged_40",8.8,0,-0.077,0,18,0,"WW",40,"effective",41.2,-0.427,50,-0.934,72,1.286,30.8,22,-1.713,-2.22,"Historical","WATER WASH",
"ASIA","LNI","LION MENTARI AIRLINES","LHQ",1,804705,"CFM56-7B26/3","RUN_1","WW_19",2016-07-05 00:00:00,2016-07-04 14:05:29,-0.41,2016-07-05,2016-07-05 05:11:25,2016-03-17 22:17:00,10692,10153,10692,44.7,50,49.5,0.125,-0.934,-0.719,32,26.6,24.4,5.3,-1.059,-5.4,"WW",0,5.3,4.8,-1.059,-0.844,-7.6,0.906,0.797,0.5,539,482,9.8,89.4248608534323,"NO","NO",0.22,0.41,"valid","valid",2011-01-19,,"B737-900ER","B737","CFM56-7",10178,9696,10178,"wash_before","averaged_40",5.3,0,-1.059,0,19,0,"WW",40,"effective",44.7,0.125,49.5,-0.719,72,1.286,27.3,22.5,-1.161,-2.005,"Historical","WATER WASH",
"ASIA","LNI","LION MENTARI AIRLINES","LHQ",1,804705,"CFM56-7B26/3","RUN_1","WW_20",2016-10-10 00:00:00,2016-10-09 12:38:47,-0.47,2016-10-10,2016-10-10 01:33:45,2016-07-04 14:05:29,11198,10692,11198,42.1,49.5,49.2,0.436,-0.719,-0.422,30,24.4,27.3,7.4,-1.155,-5.6,"WW",0,7.4,7.1,-1.155,-0.858,-2.7,0.959,0.743,0.3,506,479,14.6,94.6640316205534,"NO","NO",0.07,0.47,"valid","valid",2011-01-19,,"B737-900ER","B737","CFM56-7",10657,10178,10657,"wash_before","averaged_40",7.4,0,-1.155,0,20,0,"WW",40,"effective",42.1,0.436,49.2,-0.422,72,1.286,29.9,22.8,-0.85,-1.708,"Historical","WATER WASH",
"ASIA","LNI","LION MENTARI AIRLINES","LHQ",1,804705,"CFM56-7B26/3","RUN_1","WW_21",2017-07-13 00:00:00,2017-07-12 15:13:41,-0.37,2017-07-13,2017-07-13 00:34:16,2016-10-09 12:38:47,12525,11198,12525,29.9,49.2,36.2,0.265,-0.422,0.305,39.1,27.3,37.2,19.3,-0.687,-11.8,"WW",0,19.3,6.3,-0.687,0.04,-1.9,0.326,-0.058,13,1327,1221,14.5,92.0120572720422,"NO","NO",0.02,0.37,"valid","valid",2011-01-19,,"B737-900ER","B737","CFM56-7",11878,10657,11878,"wash_before","averaged_40",19.3,0,-0.687,0,21,0,"WW",40,"ineffective",29.9,0.265,36.2,0.305,72,1.286,42.1,35.8,-1.021,-0.981,"Historical","WATER WASH",
"ASIA","LNI","LION MENTARI AIRLINES","LHQ",1,804705,"CFM56-7B26/3","RUN_1","WW_22",2017-10-02 00:00:00,2017-10-01 23:09:15,-0.04,2017-10-02,2017-10-02 03:33:42,2017-07-12 15:13:41,13071,12525,13071,28.3,36.2,41.8,1.125,0.305,0.077,43.4,37.2,35.4,7.9,-0.82,-6.2,"WW",0,7.9,13.5,-0.82,-1.048,-8,1.709,1.278,-5.6,546,548,14.5,100.3663003663,"NO","NO",0.15,0.04,"valid","valid",2011-01-19,,"B737-900ER","B737","CFM56-7",12426,11878,12426,"wash_before","averaged_40",7.9,0,-0.82,0,22,0,"WW",40,"effective",28.3,1.125,41.8,0.077,72,1.286,43.7,30.2,-0.161,-1.209,"Historical","WATER WASH",
"ASIA","LNI","LION MENTARI AIRLINES","LHQ",1,804705,"CFM56-7B26/3","RUN_1","WW_23",2017-12-22 00:00:00,2017-12-21 12:48:28,-0.47,2017-12-22,2017-12-22 02:18:34,2017-10-01 23:09:15,13568,13071,13568,28.8,41.8,42.5,0.054,0.077,0.499,39.8,35.4,35.4,13,0.023,-4.4,"WW",0,13,13.7,0.023,0.445,-4.4,1.054,19.348,-0.7,497,485,26.2,97.5855130784708,"NO","NO",0.1,0.47,"valid","valid",2011-01-19,,"B737-900ER","B737","CFM56-7",12911,12426,12911,"wash_before","averaged_40",13,0,0.023,0,23,0,"WW",40,"effective",28.8,0.054,42.5,0.499,72,1.286,43.2,29.5,-1.232,-0.787,"Historical","WATER WASH",
"ASIA","LNI","LION MENTARI AIRLINES","LHQ",1,804705,"CFM56-7B26/3","RUN_1","WW_24",2018-01-27 00:00:00,2018-01-26 14:25:40,-0.4,2018-01-27,2018-01-27 00:45:45,2017-12-21 12:48:28,13795,13568,13795,41.3,42.5,44.8,0.488,0.499,0.525,34.3,35.4,37,1.2,0.011,1.1,"WW",0,1.2,3.5,0.011,0.037,2.7,2.917,3.364,-2.3,227,222,5.3,97.7973568281938,"NO","NO",0.03,0.4,"valid","valid",2011-01-19,,"B737-900ER","B737","CFM56-7",13133,12911,13133,"wash_before","averaged_40",1.2,0,0.011,0,24,0,"WW",40,"effective",41.3,0.488,44.8,0.525,72,1.286,30.7,27.2,-0.798,-0.761,"Historical","WATER WASH",
"ASIA","LNI","LION MENTARI AIRLINES","LHQ",1,804705,"CFM56-7B26/3","RUN_1","WW_25",2018-03-11 00:00:00,2018-03-10 22:57:04,-0.04,2018-03-11,2018-03-11 00:54:57,2018-01-26 14:25:40,14064,13795,14064,30.8,44.8,40.7,0.229,0.525,0.112,41.8,37,38.4,14,0.296,-4.8,"WW",0,14,9.9,0.296,-0.117,-3.4,0.707,-0.395,4.1,269,279,,103.717472118959,"NO","NO",0.04,0.04,"valid","valid",2011-01-19,,"B737-900ER","B737","CFM56-7",13412,13133,13412,"wash_before","averaged_40",14,0,0.296,0,25,0,"WW",40,"effective",30.8,0.229,40.7,0.112,72,1.286,41.2,31.3,-1.057,-1.174,"Historical","WATER WASH",
"ASIA","LNI","LION MENTARI AIRLINES","LHQ",1,804705,"CFM56-7B26/3","RUN_1","WW_26",2018-05-13 00:00:00,2018-05-12 12:49:13,-0.47,2018-05-13,2018-05-13 00:57:13,2018-03-10 22:57:04,14429,14064,14429,30.2,40.7,38.5,0.376,0.112,0.04,41.9,38.4,39.7,10.5,-0.264,-3.5,"WW",0,10.5,8.3,-0.264,-0.336,-2.2,0.79,1.273,2.2,365,386,28.8,105.753424657534,"NO","NO",0.04,0.47,"valid","valid",2011-01-19,,"B737-900ER","B737","CFM56-7",13798,13412,13798,"wash_before","averaged_40",10.5,0,-0.264,0,26,0,"WW",40,"effective",30.2,0.376,38.5,0.04,72,1.286,41.8,33.5,-0.91,-1.246,"Historical","WATER WASH",
"ASIA","LNI","LION MENTARI AIRLINES","LHQ",1,804705,"CFM56-7B26/3","RUN_1","WW_27",2018-06-30 00:00:00,2018-06-29 23:46:42,-0.01,2018-06-30,2018-06-30 01:43:34,2018-05-12 12:49:13,14793,14429,14793,27.7,38.5,35.8,0.54,0.04,0.316,46.3,39.7,41.1,10.8,-0.5,-6.59999999999999,"WW",0,10.8,8.1,-0.5,-0.224,-5.2,0.75,0.448,2.7,364,306,29.7,84.0659340659341,"NO","NO",0.07,0.01,"valid","valid",2011-01-19,,"B737-900ER","B737","CFM56-7",14104,13798,14104,"wash_before","averaged_40",10.8,0,-0.5,0,27,0,"WW",40,"effective",27.7,0.54,35.8,0.316,72,1.286,44.3,36.2,-0.746,-0.97,"Historical","WATER WASH",
"ASIA","LNI","LION MENTARI AIRLINES","LHQ",1,804705,"CFM56-7B26/3","RUN_1","WW_28",2018-08-10 00:00:00,2018-08-09 23:36:49,-0.02,2018-08-10,2018-08-10 01:18:49,2018-06-29 23:46:42,15065,14793,15065,28.4,35.8,0.8,0.508,0.316,0.848,40.9,41.1,72.2,7.4,-0.192,0.200000000000003,"WW",0,7.4,-27.6,-0.192,0.34,31.3,-3.73,-1.771,35,272,264,27.2,97.0588235294118,"NO","NO",0.05,0.02,"invalid","invalid",2011-01-19,,"B737-900ER","B737","CFM56-7",14368,14104,14368,"wash_before","averaged_40",7.4,0,-0.192,0,28,0,"WW",40,"ineffective",28.4,0.508,0.8,0.848,72,1.286,43.6,71.2,-0.778,-0.438,"Historical","WATER WASH",
"ASIA","LNI","LION MENTARI AIRLINES","LHQ",1,804705,"CFM56-7B26/3","RUN_1","WW_29",2018-09-10 00:00:00,2018-09-09 12:20:59,-0.49,2018-09-10,2018-09-10 00:24:13,2018-08-09 23:36:49,15282,15065,15282,25.4,0.8,37.8,-0.105,0.848,0.568,42.9,72.2,38.1,-24.6,0.953,29.3,"WW",0,-24.6,12.4,0.953,0.673,-4.8,-0.504,0.706,-37,217,219,,100.921658986175,"NO","NO",0.02,0.49,"invalid","invalid",2011-01-19,,"B737-900ER","B737","CFM56-7",14587,14368,14587,"wash_before","averaged_40",-24.6,0,0.953,0,29,0,"WW",40,"ineffective",25.4,-0.105,37.8,0.568,72,1.286,46.6,34.2,-1.391,-0.718,"Historical","WATER WASH",
"ASIA","LNI","LION MENTARI AIRLINES","LHQ",1,804705,"CFM56-7B26/3","RUN_1","WW_30",2018-11-04 00:00:00,2018-11-03 12:41:03,-0.47,2018-11-04,2018-11-04 00:17:23,2018-09-09 12:20:59,15633,15282,15633,16.8,37.8,30.8,1.201,0.568,0.748,49,38.1,43.4,21,-0.633,-10.9,"WW",0,21,14,-0.633,-0.453,-5.6,0.667,0.716,7,351,328,,93.4472934472934,"NO","NO",0.01,0.47,"valid","valid",2011-01-19,,"B737-900ER","B737","CFM56-7",14915,14587,14915,"wash_before","averaged_40",21,0,-0.633,0,30,0,"WW",40,"effective",16.8,1.201,30.8,0.748,72,1.286,55.2,41.2,-0.085,-0.538,"Historical","WATER WASH",
"ASIA","LNI","LION MENTARI AIRLINES","LHQ",1,804705,"CFM56-7B26/3","RUN_1","WW_31",2018-12-31 00:00:00,2018-12-30 23:42:11,-0.01,2018-12-31,2018-12-31 02:07:19,2018-11-03 12:41:03,15924,15633,15924,35.5,30.8,37.2,0.871,0.748,0.507,43.5,43.4,39.2,-4.7,-0.123,-0.100000000000001,"WW",0,-4.7,1.7,-0.123,-0.364,-4.3,-0.362,2.959,-6.4,291,291,-16.2,100,"NO","NO",0.09,0.01,"valid","valid",2011-01-19,,"B737-900ER","B737","CFM56-7",15206,14915,15206,"wash_before","averaged_40",-4.7,0,-0.123,0,31,0,"WW",40,"ineffective",35.5,0.871,37.2,0.507,72,1.286,36.5,34.8,-0.415,-0.779,"Historical","WATER WASH",
"ASIA","LNI","LION MENTARI AIRLINES","LHQ",1,804705,"CFM56-7B26/3","RUN_1","WW_32",2019-02-11 00:00:00,2019-02-10 23:05:34,-0.04,2019-02-11,2019-02-11 01:10:55,2018-12-30 23:42:11,16124,15924,16124,32.3,37.2,36.2,0.361,0.507,1.051,39.9,39.2,41.4,4.90000000000001,0.146,-0.699999999999996,"WW",0,4.90000000000001,3.90000000000001,0.146,0.69,1.5,0.796,4.726,1,200,213,24.5,106.5,"NO","NO",0.05,0.04,"valid","valid",2011-01-19,,"B737-900ER","B737","CFM56-7",15419,15206,15419,"wash_before","averaged_40",4.90000000000001,0,0.146,0,32,0,"WW",40,"effective",32.3,0.361,36.2,1.051,72,1.286,39.7,35.8,-0.925,-0.235,"Historical","WATER WASH",
"ASIA","LNI","LION MENTARI AIRLINES","LHQ",1,804705,"CFM56-7B26/3","RUN_1","WW_33",2019-03-28 00:00:00,2019-03-27 23:22:57,-0.03,2019-03-28,2019-03-28 01:13:54,2019-02-10 23:05:34,16324,16124,16324,26.7,36.2,25.6,1.29,1.051,0.647,46.7,41.4,45.8,9.5,-0.239,-5.3,"WW",0,9.5,-1.1,-0.239,-0.643,-0.900000000000006,-0.116,2.69,10.6,200,183,47.5,91.5,"NO","NO",0.05,0.03,"valid","valid",2011-01-19,,"B737-900ER","B737","CFM56-7",15602,15419,15602,"wash_before","averaged_40",9.5,0,-0.239,0,33,0,"WW",40,"ineffective",26.7,1.29,25.6,0.647,72,1.286,45.3,46.4,0.004,-0.639,"Historical","WATER WASH",
"ASIA","LNI","LION MENTARI AIRLINES","LHQ",1,804705,"CFM56-7B26/3","RUN_1","WW_34",2019-05-10 00:00:00,2019-05-08 02:15:31,-1.91,2019-05-10,2019-05-11 00:14:37,2019-03-27 23:22:57,16463,16324,16463,27.5,25.6,29.7,0.762,0.647,0.721,43.3,45.8,42.3,-1.9,-0.115,2.5,"WW",0,-1.9,2.2,-0.115,-0.041,-1,-1.158,0.357,-4.1,139,133,-13.7,95.6834532374101,"NO","NO",1.01,1.91,"valid","valid",2011-01-19,,"B737-900ER","B737","CFM56-7",15735,15602,15735,"wash_before","averaged_40",-1.9,0,-0.115,0,34,0,"WW",40,"ineffective",27.5,0.762,29.7,0.721,72,1.286,44.5,42.3,-0.524,-0.565,"Historical","WATER WASH",
"ASIA","LNI","LION MENTARI AIRLINES","LHQ",1,804705,"CFM56-7B26/3","RUN_1","WW_35",2019-07-19 00:00:00,2019-07-18 23:26:51,-0.02,2019-07-19,2019-07-19 02:02:20,2019-05-08 02:15:31,16727,16463,16727,25.1,29.7,32.6,0.622,0.721,0.736,40.7,42.3,42.4,4.6,0.099,1.59999999999999,"WW",0,4.6,7.5,0.099,0.114,1.7,1.63,1.152,-2.9,264,272,17.4,103.030303030303,"NO","NO",0.08,0.02,"valid","valid",2011-01-19,,"B737-900ER","B737","CFM56-7",16007,15735,16007,"wash_before","averaged_40",4.6,0,0.099,0,35,0,"WW",40,"effective",25.1,0.622,32.6,0.736,72,1.286,46.9,39.4,-0.664,-0.55,"Historical","WATER WASH",
"ASIA","LNI","LION MENTARI AIRLINES","LHQ",1,804705,"CFM56-7B26/3","RUN_1","WW_36",2019-09-01 00:00:00,2019-08-31 23:14:02,-0.03,2019-09-01,2019-09-01 01:54:58,2019-07-18 23:26:51,16924,16727,16924,22.5,32.6,30.9,1.393,0.736,0.214,47.5,42.4,41.9,10.1,-0.657,-5.1,"WW",0,10.1,8.4,-0.657,-1.179,-5.6,0.832,1.795,1.7,197,188,,95.4314720812183,"NO","NO",0.08,0.03,"valid","valid",2011-01-19,,"B737-900ER","B737","CFM56-7",16195,16007,16195,"wash_before","averaged_40",10.1,0,-0.657,0,36,0,"WW",40,"effective",22.5,1.393,30.9,0.214,72,1.286,49.5,41.1,0.107,-1.072,"Historical","WATER WASH",
"ASIA","LNI","LION MENTARI AIRLINES","LHQ",1,804705,"CFM56-7B26/3","RUN_1","WW_37",2019-09-27 00:00:00,2019-09-26 12:04:27,-0.5,2019-09-27,2019-09-27 02:00:24,2019-08-31 23:14:02,17053,16924,17053,19.6,30.9,29.6,0.799,0.214,0.851,46.1,41.9,46.6,11.3,-0.585,-4.2,"WW",0,11.3,10,-0.585,0.0519999999999999,0.5,0.885,-0.089,1.3,129,153,,118.604651162791,"NO","NO",0.08,0.5,"valid","valid",2011-01-19,,"B737-900ER","B737","CFM56-7",16348,16195,16348,"wash_before","averaged_40",11.3,0,-0.585,0,37,0,"WW",40,"effective",19.6,0.799,29.6,0.851,72,1.286,52.4,42.4,-0.487,-0.435,"Historical","WATER WASH",
"ASIA","LNI","LION MENTARI AIRLINES","LHQ",1,804705,"CFM56-7B26/3","RUN_1","WW_38",2019-11-04 00:00:00,2019-11-03 23:17:40,-0.03,2019-11-04,2019-11-04 01:18:55,2019-09-26 12:04:27,17266,17053,17266,24.7,29.6,31.2,1.531,0.851,0.442,47.4,46.6,43.2,4.9,-0.68,-0.799999999999997,"WW",0,4.9,6.5,-0.68,-1.089,-4.2,1.327,1.601,-1.6,213,320,23,150.234741784038,"NO","NO",0.05,0.03,"valid","valid",2011-01-19,,"B737-900ER","B737","CFM56-7",16668,16348,16668,"wash_before","averaged_40",4.9,0,-0.68,0,38,0,"WW",40,"effective",24.7,1.531,31.2,0.442,72,1.286,47.3,40.8,0.245,-0.844,"Historical","WATER WASH",
"ASIA","LNI","LION MENTARI AIRLINES","LHQ",1,804705,"CFM56-7B26/3","RUN_1","WW_39",2019-12-07 00:00:00,2019-12-06 12:12:41,-0.49,2019-12-07,2019-12-07 00:54:21,2019-11-03 23:17:40,17425,17266,17425,27.5,31.2,35.3,0.572,0.442,1.178,39.5,43.2,44.1,3.7,-0.13,3.7,"WW",0,3.7,7.8,-0.13,0.606,4.6,2.108,-4.662,-4.1,159,241,23.3,151.572327044025,"NO","NO",0.04,0.49,"valid","valid",2011-01-19,,"B737-900ER","B737","CFM56-7",16909,16668,16909,"wash_before","averaged_40",3.7,0,-0.13,0,39,0,"WW",40,"effective",27.5,0.572,35.3,1.178,72,1.286,44.5,36.7,-0.714,-0.108,"Historical","WATER WASH",
"ASIA","LNI","LION MENTARI AIRLINES","LHQ",1,804705,"CFM56-7B26/3","RUN_1","WW_40",2020-02-08 00:00:00,2020-02-07 22:09:29,-0.08,2020-02-08,2020-02-08 01:38:30,2019-12-06 12:12:41,17781,17425,17781,30.4,35.3,36.6,0.965,1.178,1.394,43.5,44.1,42.2,4.9,0.213,0.600000000000001,"WW",0,4.9,6.2,0.213,0.429,-1.3,1.265,2.014,-1.3,356,419,13.8,117.696629213483,"NO","NO",0.07,0.08,"valid","valid",2011-01-19,,"B737-900ER","B737","CFM56-7",17328,16909,17328,"wash_before","averaged_40",4.9,0,0.213,0,40,0,"WW",40,"effective",30.4,0.965,36.6,1.394,72,1.286,41.6,35.4,-0.321,0.108,"Historical","WATER WASH",
"ASIA","LNI","LION MENTARI AIRLINES","LHS",2,803930,"CFM56-7B26/3","RUN_2","CURRENT",2020-09-13 08:01:34,2020-09-13 08:01:34,0,,,2019-12-18 16:24:29,19327,18756,2314,24.3,34.2,,1.506,0.858,,41.2,38.8,,9.9,-0.648,-2.40000000000001,"CURRENT",0,9.9,,-0.648,,,,,,571,563,17.3,98.5989492119089,"NO","NO",,0,,,2019-05-03,,"B737-900ER","B737","CFM56-7",18648,18085,2028,,"averaged_40",9.9,-34.7,-0.648,-0.401,0,1,"CURRENT",40,,24.3,1.506,,,36,3.006,-23,,-1.901,,"Latest",,"In Operation"
"ASIA","LNI","LION MENTARI AIRLINES","LHQ",1,804705,"CFM56-7B26/3","RUN_1","CURRENT",2020-07-02 03:05:31,2020-07-02 03:05:31,0,,,2020-02-07 22:09:29,18017,17781,18017,33,36.6,,0.562,1.394,,43.3,42.2,,3.6,0.832,-1.09999999999999,"CURRENT",0,3.6,,0.832,,,,,,236,169,15.3,71.6101694915254,"NO","NO",,0,,,2011-01-19,,"B737-900ER","B737","CFM56-7",17497,17328,17497,,"averaged_40",3.6,0,0.832,0,0,0,"CURRENT",40,,33,0.562,,,72,1.286,39,,-0.724,,"Latest",,"In Operation"
